{
  "type": "FeatureCollection",
  "generator": "overpass-turbo",
  "copyright": "The data included in this document is from www.openstreetmap.org. The data is made available under ODbL.",
  "timestamp": "2026-04-13T19:02:22Z",
  "features": [
    {
      "type": "Feature",
      "properties": {
        "@id": "node/249054695",
        "amenity": "fuel",
        "brand": "Indian Oil",
        "brand:wikidata": "Q1289348",
        "capacity": "16",
        "compressed_air": "yes",
        "name": "Indian Oil"
      },
      "geometry": {
        "type": "Point",
        "coordinates": [
          77.0909884,
          28.4892384
        ]
      },
      "id": "node/249054695"
    },
    {
      "type": "Feature",
      "properties": {
        "@id": "node/266374765",
        "amenity": "fuel",
        "brand": "Bharat Petroleum",
        "brand:wikidata": "Q854826",
        "compressed_air": "yes",
        "name": "Bharat Petroleum"
      },
      "geometry": {
        "type": "Point",
        "coordinates": [
          77.0478668,
          28.4324009
        ]
      },
      "id": "node/266374765"
    },
    {
      "type": "Feature",
      "properties": {
        "@id": "node/266374789",
        "amenity": "fuel",
        "brand": "Indian Oil",
        "brand:wikidata": "Q1289348",
        "name": "Indian Oil"
      },
      "geometry": {
        "type": "Point",
        "coordinates": [
          77.0373704,
          28.4255168
        ]
      },
      "id": "node/266374789"
    },
    {
      "type": "Feature",
      "properties": {
        "@id": "node/266374827",
        "amenity": "fuel"
      },
      "geometry": {
        "type": "Point",
        "coordinates": [
          77.0351409,
          28.4374888
        ]
      },
      "id": "node/266374827"
    },
    {
      "type": "Feature",
      "properties": {
        "@id": "node/266440233",
        "amenity": "fuel",
        "created_by": "Potlatch 0.9a"
      },
      "geometry": {
        "type": "Point",
        "coordinates": [
          77.0557112,
          28.465521
        ]
      },
      "id": "node/266440233"
    },
    {
      "type": "Feature",
      "properties": {
        "@id": "node/266599684",
        "amenity": "fuel",
        "created_by": "Potlatch 0.9a"
      },
      "geometry": {
        "type": "Point",
        "coordinates": [
          77.0375084,
          28.4649633
        ]
      },
      "id": "node/266599684"
    },
    {
      "type": "Feature",
      "properties": {
        "@id": "node/266599700",
        "amenity": "fuel",
        "created_by": "Potlatch 0.9a"
      },
      "geometry": {
        "type": "Point",
        "coordinates": [
          77.0378775,
          28.465152
        ]
      },
      "id": "node/266599700"
    },
    {
      "type": "Feature",
      "properties": {
        "@id": "node/266599701",
        "addr:city": "Gurugram",
        "addr:postcode": "122001",
        "addr:street": "Old Delhi Gurgaon Road",
        "amenity": "fuel",
        "brand": "Indian Oil",
        "brand:wikidata": "Q1289348",
        "brand:wikipedia": "en:Indian Oil Corporation",
        "name": "Indian Oil",
        "operator": "Geeta Fuels"
      },
      "geometry": {
        "type": "Point",
        "coordinates": [
          77.0371571,
          28.4672528
        ]
      },
      "id": "node/266599701"
    },
    {
      "type": "Feature",
      "properties": {
        "@id": "node/271335759",
        "amenity": "fuel",
        "brand": "Indian Oil",
        "brand:wikidata": "Q1289348",
        "brand:wikipedia": "en:Indian Oil Corporation",
        "name": "Indian Oil"
      },
      "geometry": {
        "type": "Point",
        "coordinates": [
          77.150715,
          28.4946609
        ]
      },
      "id": "node/271335759"
    },
    {
      "type": "Feature",
      "properties": {
        "@id": "node/271335830",
        "amenity": "fuel",
        "brand": "Indian Oil",
        "brand:wikidata": "Q1289348",
        "fuel:cng": "yes",
        "name": "Indian Oil"
      },
      "geometry": {
        "type": "Point",
        "coordinates": [
          77.1719993,
          28.5043431
        ]
      },
      "id": "node/271335830"
    },
    {
      "type": "Feature",
      "properties": {
        "@id": "node/271336462",
        "amenity": "fuel",
        "name": "IBP Petrol Station"
      },
      "geometry": {
        "type": "Point",
        "coordinates": [
          77.0285383,
          28.4554895
        ]
      },
      "id": "node/271336462"
    },
    {
      "type": "Feature",
      "properties": {
        "@id": "node/277420266",
        "amenity": "fuel",
        "brand": "Hindustan Petroleum",
        "fuel:cng": "yes",
        "name": "Panchshila Service Station",
        "payment:bhim": "yes",
        "payment:mobikwik": "yes",
        "payment:paytm": "yes",
        "payment:phonepe": "yes",
        "payment:upi": "yes"
      },
      "geometry": {
        "type": "Point",
        "coordinates": [
          77.2227829,
          28.5614441
        ]
      },
      "id": "node/277420266"
    },
    {
      "type": "Feature",
      "properties": {
        "@id": "node/277420455",
        "amenity": "fuel",
        "brand": "Indian Oil",
        "brand:wikidata": "Q1289348",
        "brand:wikipedia": "en:Indian Oil Corporation",
        "name": "Indian Oil Corportation"
      },
      "geometry": {
        "type": "Point",
        "coordinates": [
          77.3230956,
          28.6043612
        ]
      },
      "id": "node/277420455"
    },
    {
      "type": "Feature",
      "properties": {
        "@id": "node/277420612",
        "amenity": "fuel",
        "brand": "Bharat Petroleum",
        "brand:wikidata": "Q854826",
        "name": "Bharat Petroleum"
      },
      "geometry": {
        "type": "Point",
        "coordinates": [
          77.3154765,
          28.6345574
        ]
      },
      "id": "node/277420612"
    },
    {
      "type": "Feature",
      "properties": {
        "@id": "node/277420908",
        "amenity": "fuel",
        "brand": "Indian Oil",
        "brand:wikidata": "Q1289348",
        "brand:wikipedia": "en:Indian Oil Corporation",
        "name": "Indian Oil"
      },
      "geometry": {
        "type": "Point",
        "coordinates": [
          77.3550818,
          28.659564
        ]
      },
      "id": "node/277420908"
    },
    {
      "type": "Feature",
      "properties": {
        "@id": "node/277420954",
        "amenity": "fuel"
      },
      "geometry": {
        "type": "Point",
        "coordinates": [
          77.4572027,
          28.6393343
        ]
      },
      "id": "node/277420954"
    },
    {
      "type": "Feature",
      "properties": {
        "@id": "node/277420964",
        "amenity": "fuel"
      },
      "geometry": {
        "type": "Point",
        "coordinates": [
          77.1007834,
          28.5262252
        ]
      },
      "id": "node/277420964"
    },
    {
      "type": "Feature",
      "properties": {
        "@id": "node/277420968",
        "amenity": "fuel",
        "brand": "Indian Oil",
        "brand:wikidata": "Q1289348",
        "brand:wikipedia": "en:Indian Oil Corporation",
        "name": "Indian Oil"
      },
      "geometry": {
        "type": "Point",
        "coordinates": [
          77.1070198,
          28.5336932
        ]
      },
      "id": "node/277420968"
    },
    {
      "type": "Feature",
      "properties": {
        "@id": "node/277420989",
        "amenity": "fuel",
        "brand": "Indian Oil",
        "brand:wikidata": "Q1289348",
        "brand:wikipedia": "en:Indian Oil Corporation",
        "name": "Indian Oil"
      },
      "geometry": {
        "type": "Point",
        "coordinates": [
          77.4249813,
          28.6394831
        ]
      },
      "id": "node/277420989"
    },
    {
      "type": "Feature",
      "properties": {
        "@id": "node/277792556",
        "amenity": "fuel",
        "brand": "Bharat Petroleum",
        "brand:wikidata": "Q854826",
        "name": "Bharat Petroleum"
      },
      "geometry": {
        "type": "Point",
        "coordinates": [
          77.3233182,
          28.6041804
        ]
      },
      "id": "node/277792556"
    },
    {
      "type": "Feature",
      "properties": {
        "@id": "node/278165141",
        "amenity": "fuel",
        "brand": "Indian Oil",
        "brand:wikidata": "Q1289348",
        "brand:wikipedia": "en:Indian Oil Corporation",
        "name": "Indian Oil Petrol Pump"
      },
      "geometry": {
        "type": "Point",
        "coordinates": [
          77.3170505,
          28.6438531
        ]
      },
      "id": "node/278165141"
    },
    {
      "type": "Feature",
      "properties": {
        "@id": "node/278165210",
        "amenity": "fuel",
        "brand": "Indian Oil",
        "brand:wikidata": "Q1289348",
        "brand:wikipedia": "en:Indian Oil Corporation",
        "fuel:Petrol": "yes",
        "name": "Indian Oil",
        "operator": "Indian Oil",
        "wheelchair": "limited"
      },
      "geometry": {
        "type": "Point",
        "coordinates": [
          77.3472686,
          28.6552668
        ]
      },
      "id": "node/278165210"
    },
    {
      "type": "Feature",
      "properties": {
        "@id": "node/278165227",
        "amenity": "fuel",
        "brand": "Indian Oil",
        "brand:wikidata": "Q1289348",
        "brand:wikipedia": "en:Indian Oil Corporation",
        "name": "Indian Oil"
      },
      "geometry": {
        "type": "Point",
        "coordinates": [
          77.3538527,
          28.6588641
        ]
      },
      "id": "node/278165227"
    },
    {
      "type": "Feature",
      "properties": {
        "@id": "node/278166391",
        "amenity": "fuel",
        "brand": "Indian Oil",
        "brand:wikidata": "Q1289348",
        "brand:wikipedia": "en:Indian Oil Corporation",
        "name": "Indian Oil"
      },
      "geometry": {
        "type": "Point",
        "coordinates": [
          76.9672657,
          28.3818927
        ]
      },
      "id": "node/278166391"
    },
    {
      "type": "Feature",
      "properties": {
        "@id": "node/278166413",
        "amenity": "fuel",
        "brand": "Indian Oil",
        "brand:wikidata": "Q1289348",
        "brand:wikipedia": "en:Indian Oil Corporation",
        "name": "Petrol Pump Indian Oil"
      },
      "geometry": {
        "type": "Point",
        "coordinates": [
          76.9783194,
          28.3926607
        ]
      },
      "id": "node/278166413"
    },
    {
      "type": "Feature",
      "properties": {
        "@id": "node/278166484",
        "amenity": "fuel",
        "brand": "Indian Oil",
        "brand:wikidata": "Q1289348",
        "brand:wikipedia": "en:Indian Oil Corporation",
        "name": "Petrol Pump Indian Oil"
      },
      "geometry": {
        "type": "Point",
        "coordinates": [
          76.9929142,
          28.4098097
        ]
      },
      "id": "node/278166484"
    },
    {
      "type": "Feature",
      "properties": {
        "@id": "node/278166488",
        "amenity": "fuel",
        "name": "Petrol Pump IBP"
      },
      "geometry": {
        "type": "Point",
        "coordinates": [
          76.997265,
          28.4192219
        ]
      },
      "id": "node/278166488"
    },
    {
      "type": "Feature",
      "properties": {
        "@id": "node/279161187",
        "amenity": "fuel",
        "brand": "Indian Oil",
        "brand:wikidata": "Q1289348",
        "brand:wikipedia": "en:Indian Oil Corporation",
        "name": "Indian Oil"
      },
      "geometry": {
        "type": "Point",
        "coordinates": [
          77.1561648,
          28.5262695
        ]
      },
      "id": "node/279161187"
    },
    {
      "type": "Feature",
      "properties": {
        "@id": "node/307375149",
        "amenity": "fuel"
      },
      "geometry": {
        "type": "Point",
        "coordinates": [
          77.4430498,
          28.6367525
        ]
      },
      "id": "node/307375149"
    },
    {
      "type": "Feature",
      "properties": {
        "@id": "node/307375167",
        "amenity": "fuel"
      },
      "geometry": {
        "type": "Point",
        "coordinates": [
          77.4531747,
          28.6414546
        ]
      },
      "id": "node/307375167"
    },
    {
      "type": "Feature",
      "properties": {
        "@id": "node/312102918",
        "amenity": "fuel",
        "brand": "Hindustan Petroleum",
        "brand:wikidata": "Q1619375",
        "name": "HP",
        "official_name": "Hindustan Petroleum"
      },
      "geometry": {
        "type": "Point",
        "coordinates": [
          77.2089741,
          28.5737882
        ]
      },
      "id": "node/312102918"
    },
    {
      "type": "Feature",
      "properties": {
        "@id": "node/312102951",
        "amenity": "fuel"
      },
      "geometry": {
        "type": "Point",
        "coordinates": [
          76.9592671,
          28.47291
        ]
      },
      "id": "node/312102951"
    },
    {
      "type": "Feature",
      "properties": {
        "@id": "node/312103122",
        "amenity": "fuel"
      },
      "geometry": {
        "type": "Point",
        "coordinates": [
          76.9391982,
          28.472546
        ]
      },
      "id": "node/312103122"
    },
    {
      "type": "Feature",
      "properties": {
        "@id": "node/391978378",
        "amenity": "fuel",
        "brand": "Indian Oil",
        "brand:wikidata": "Q1289348",
        "name": "Indian Oil"
      },
      "geometry": {
        "type": "Point",
        "coordinates": [
          77.0725091,
          28.2444353
        ]
      },
      "id": "node/391978378"
    },
    {
      "type": "Feature",
      "properties": {
        "@id": "node/410057535",
        "amenity": "fuel"
      },
      "geometry": {
        "type": "Point",
        "coordinates": [
          77.1431664,
          28.5351953
        ]
      },
      "id": "node/410057535"
    },
    {
      "type": "Feature",
      "properties": {
        "@id": "node/413315327",
        "amenity": "fuel",
        "brand": "Bharat Petroleum",
        "brand:wikidata": "Q854826",
        "compressed_air": "yes",
        "name": "Bharat Petroleum"
      },
      "geometry": {
        "type": "Point",
        "coordinates": [
          77.0996758,
          28.5229363
        ]
      },
      "id": "node/413315327"
    },
    {
      "type": "Feature",
      "properties": {
        "@id": "node/413315328",
        "amenity": "fuel",
        "brand": "Indian Oil",
        "brand:wikidata": "Q1289348",
        "compressed_air": "yes",
        "name": "Indian Oil"
      },
      "geometry": {
        "type": "Point",
        "coordinates": [
          77.100967,
          28.5248952
        ]
      },
      "id": "node/413315328"
    },
    {
      "type": "Feature",
      "properties": {
        "@id": "node/416361397",
        "amenity": "fuel",
        "check_date": "2025-02-23"
      },
      "geometry": {
        "type": "Point",
        "coordinates": [
          77.0726152,
          28.463932
        ]
      },
      "id": "node/416361397"
    },
    {
      "type": "Feature",
      "properties": {
        "@id": "node/448302160",
        "amenity": "fuel",
        "check_date": "2025-08-31",
        "fuel:diesel": "yes",
        "fuel:octane_80": "yes",
        "internet_access": "no",
        "name": "Bharat Petroleum",
        "name:en": "Bharat Petroleum",
        "operator": "Bharat Petroleum Corporation Limited",
        "payment:cash": "yes",
        "payment:credit_cards": "yes",
        "payment:debit_cards": "yes",
        "payment:upi": "yes",
        "self_service": "no",
        "wheelchair": "yes"
      },
      "geometry": {
        "type": "Point",
        "coordinates": [
          77.0752012,
          28.4518108
        ]
      },
      "id": "node/448302160"
    },
    {
      "type": "Feature",
      "properties": {
        "@id": "node/477905039",
        "amenity": "fuel",
        "brand": "Indian Oil",
        "brand:wikidata": "Q1289348",
        "brand:wikipedia": "en:Indian Oil Corporation",
        "operator": "Indian Oil"
      },
      "geometry": {
        "type": "Point",
        "coordinates": [
          77.0596218,
          28.3651932
        ]
      },
      "id": "node/477905039"
    },
    {
      "type": "Feature",
      "properties": {
        "@id": "node/477905067",
        "amenity": "fuel",
        "name": "Dhillon Filling Station",
        "operator": "HP"
      },
      "geometry": {
        "type": "Point",
        "coordinates": [
          77.0675549,
          28.3461287
        ]
      },
      "id": "node/477905067"
    },
    {
      "type": "Feature",
      "properties": {
        "@id": "node/477905110",
        "amenity": "fuel",
        "brand": "Indian Oil",
        "brand:wikidata": "Q1289348",
        "brand:wikipedia": "en:Indian Oil Corporation",
        "operator": "Indian Oil"
      },
      "geometry": {
        "type": "Point",
        "coordinates": [
          77.0294308,
          28.4541686
        ]
      },
      "id": "node/477905110"
    },
    {
      "type": "Feature",
      "properties": {
        "@id": "node/496457099",
        "amenity": "fuel",
        "brand": "IGL",
        "brand:wikidata": "Q125553945",
        "name": "Indraprastha Gas Limited"
      },
      "geometry": {
        "type": "Point",
        "coordinates": [
          77.2602207,
          28.5848782
        ]
      },
      "id": "node/496457099"
    },
    {
      "type": "Feature",
      "properties": {
        "@id": "node/496457116",
        "amenity": "fuel",
        "brand": "Indian Oil",
        "brand:wikidata": "Q1289348",
        "name": "Indian Oil"
      },
      "geometry": {
        "type": "Point",
        "coordinates": [
          77.2497911,
          28.6175988
        ]
      },
      "id": "node/496457116"
    },
    {
      "type": "Feature",
      "properties": {
        "@id": "node/496457118",
        "amenity": "fuel",
        "brand": "IGL",
        "brand:wikidata": "Q125553945",
        "name": "Indraprastha Gas Limited"
      },
      "geometry": {
        "type": "Point",
        "coordinates": [
          77.2493074,
          28.6186155
        ]
      },
      "id": "node/496457118"
    },
    {
      "type": "Feature",
      "properties": {
        "@id": "node/496489169",
        "amenity": "fuel",
        "fuel:cng": "yes",
        "name": "Indraprastha Gas Limited",
        "wheelchair": "limited"
      },
      "geometry": {
        "type": "Point",
        "coordinates": [
          77.2297995,
          28.6818859
        ]
      },
      "id": "node/496489169"
    },
    {
      "type": "Feature",
      "properties": {
        "@id": "node/496489184",
        "amenity": "fuel",
        "brand": "Indian Oil",
        "brand:wikidata": "Q1289348",
        "brand:wikipedia": "en:Indian Oil Corporation",
        "name": "Indian Oil"
      },
      "geometry": {
        "type": "Point",
        "coordinates": [
          77.1839327,
          28.7314747
        ]
      },
      "id": "node/496489184"
    },
    {
      "type": "Feature",
      "properties": {
        "@id": "node/496712226",
        "amenity": "fuel",
        "name": "IBP Limited"
      },
      "geometry": {
        "type": "Point",
        "coordinates": [
          77.147976,
          28.7561213
        ]
      },
      "id": "node/496712226"
    },
    {
      "type": "Feature",
      "properties": {
        "@id": "node/496712243",
        "amenity": "fuel",
        "brand": "Indian Oil",
        "brand:wikidata": "Q1289348",
        "brand:wikipedia": "en:Indian Oil Corporation",
        "name": "Indian Oil"
      },
      "geometry": {
        "type": "Point",
        "coordinates": [
          77.1391309,
          28.7943045
        ]
      },
      "id": "node/496712243"
    },
    {
      "type": "Feature",
      "properties": {
        "@id": "node/496712244",
        "amenity": "fuel",
        "name": "Bharat Petroleum"
      },
      "geometry": {
        "type": "Point",
        "coordinates": [
          77.1390084,
          28.7962535
        ]
      },
      "id": "node/496712244"
    },
    {
      "type": "Feature",
      "properties": {
        "@id": "node/496712249",
        "amenity": "fuel",
        "name": "Bharat Pteroleum"
      },
      "geometry": {
        "type": "Point",
        "coordinates": [
          77.1304498,
          28.831095
        ]
      },
      "id": "node/496712249"
    },
    {
      "type": "Feature",
      "properties": {
        "@id": "node/496712256",
        "amenity": "fuel",
        "name": "Hindustan Petroleum"
      },
      "geometry": {
        "type": "Point",
        "coordinates": [
          77.1257097,
          28.8558765
        ]
      },
      "id": "node/496712256"
    },
    {
      "type": "Feature",
      "properties": {
        "@id": "node/496712263",
        "amenity": "fuel",
        "brand": "Hindustan Petroleum",
        "check_date": "2019-05-25"
      },
      "geometry": {
        "type": "Point",
        "coordinates": [
          77.1218454,
          28.8747471
        ]
      },
      "id": "node/496712263"
    },
    {
      "type": "Feature",
      "properties": {
        "@id": "node/496712264",
        "amenity": "fuel",
        "brand": "Indian Oil",
        "check_date": "2019-05-25"
      },
      "geometry": {
        "type": "Point",
        "coordinates": [
          77.1203457,
          28.8754211
        ]
      },
      "id": "node/496712264"
    },
    {
      "type": "Feature",
      "properties": {
        "@id": "node/496712266",
        "amenity": "fuel",
        "brand": "Indian Oil",
        "brand:wikidata": "Q1289348",
        "brand:wikipedia": "en:Indian Oil Corporation",
        "name": "Indian Oil"
      },
      "geometry": {
        "type": "Point",
        "coordinates": [
          77.1160838,
          28.8901304
        ]
      },
      "id": "node/496712266"
    },
    {
      "type": "Feature",
      "properties": {
        "@id": "node/496725240",
        "amenity": "fuel",
        "brand": "Hindustan Petroleum",
        "check_date": "2019-05-25"
      },
      "geometry": {
        "type": "Point",
        "coordinates": [
          77.0890603,
          28.9758591
        ]
      },
      "id": "node/496725240"
    },
    {
      "type": "Feature",
      "properties": {
        "@id": "node/498727742",
        "amenity": "fuel",
        "brand": "Indian Oil",
        "brand:wikidata": "Q1289348",
        "brand:wikipedia": "en:Indian Oil Corporation",
        "fuel:cng": "yes",
        "name": "Indian Oil"
      },
      "geometry": {
        "type": "Point",
        "coordinates": [
          77.3092979,
          28.5855272
        ]
      },
      "id": "node/498727742"
    },
    {
      "type": "Feature",
      "properties": {
        "@id": "node/535297657",
        "amenity": "fuel"
      },
      "geometry": {
        "type": "Point",
        "coordinates": [
          76.7739915,
          28.2039411
        ]
      },
      "id": "node/535297657"
    },
    {
      "type": "Feature",
      "properties": {
        "@id": "node/541319118",
        "amenity": "fuel"
      },
      "geometry": {
        "type": "Point",
        "coordinates": [
          76.7022596,
          28.1727896
        ]
      },
      "id": "node/541319118"
    },
    {
      "type": "Feature",
      "properties": {
        "@id": "node/541319132",
        "amenity": "fuel"
      },
      "geometry": {
        "type": "Point",
        "coordinates": [
          76.761129,
          28.2051038
        ]
      },
      "id": "node/541319132"
    },
    {
      "type": "Feature",
      "properties": {
        "@id": "node/541319139",
        "amenity": "fuel"
      },
      "geometry": {
        "type": "Point",
        "coordinates": [
          76.7893891,
          28.2073115
        ]
      },
      "id": "node/541319139"
    },
    {
      "type": "Feature",
      "properties": {
        "@id": "node/541319183",
        "amenity": "fuel"
      },
      "geometry": {
        "type": "Point",
        "coordinates": [
          76.8608798,
          28.2900511
        ]
      },
      "id": "node/541319183"
    },
    {
      "type": "Feature",
      "properties": {
        "@id": "node/541319191",
        "amenity": "fuel"
      },
      "geometry": {
        "type": "Point",
        "coordinates": [
          76.8774119,
          28.304426
        ]
      },
      "id": "node/541319191"
    },
    {
      "type": "Feature",
      "properties": {
        "@id": "node/581891475",
        "amenity": "fuel",
        "compressed_air": "yes"
      },
      "geometry": {
        "type": "Point",
        "coordinates": [
          77.0896164,
          28.4383786
        ]
      },
      "id": "node/581891475"
    },
    {
      "type": "Feature",
      "properties": {
        "@id": "node/588254103",
        "amenity": "fuel"
      },
      "geometry": {
        "type": "Point",
        "coordinates": [
          76.9617554,
          28.2079316
        ]
      },
      "id": "node/588254103"
    },
    {
      "type": "Feature",
      "properties": {
        "@id": "node/602466586",
        "amenity": "fuel"
      },
      "geometry": {
        "type": "Point",
        "coordinates": [
          77.0778122,
          28.5937773
        ]
      },
      "id": "node/602466586"
    },
    {
      "type": "Feature",
      "properties": {
        "@id": "node/602468621",
        "amenity": "fuel",
        "brand": "Hindustan Petroleum",
        "brand:wikidata": "Q1619375",
        "name": "HP",
        "official_name": "Hindustan Petroleum"
      },
      "geometry": {
        "type": "Point",
        "coordinates": [
          77.0895469,
          28.6562179
        ]
      },
      "id": "node/602468621"
    },
    {
      "type": "Feature",
      "properties": {
        "@id": "node/603107127",
        "amenity": "fuel"
      },
      "geometry": {
        "type": "Point",
        "coordinates": [
          77.0247939,
          28.4809004
        ]
      },
      "id": "node/603107127"
    },
    {
      "type": "Feature",
      "properties": {
        "@id": "node/610886108",
        "amenity": "fuel"
      },
      "geometry": {
        "type": "Point",
        "coordinates": [
          77.1067165,
          28.640747
        ]
      },
      "id": "node/610886108"
    },
    {
      "type": "Feature",
      "properties": {
        "@id": "node/723739718",
        "amenity": "fuel"
      },
      "geometry": {
        "type": "Point",
        "coordinates": [
          77.037474,
          28.5910461
        ]
      },
      "id": "node/723739718"
    },
    {
      "type": "Feature",
      "properties": {
        "@id": "node/723739767",
        "amenity": "fuel"
      },
      "geometry": {
        "type": "Point",
        "coordinates": [
          77.0552344,
          28.5790955
        ]
      },
      "id": "node/723739767"
    },
    {
      "type": "Feature",
      "properties": {
        "@id": "node/723739793",
        "amenity": "fuel",
        "brand": "IGL",
        "fuel:cng": "yes",
        "name": "CNG Fuel Station",
        "operator": "IGL",
        "self_service": "no"
      },
      "geometry": {
        "type": "Point",
        "coordinates": [
          77.0290084,
          28.5959237
        ]
      },
      "id": "node/723739793"
    },
    {
      "type": "Feature",
      "properties": {
        "@id": "node/723739878",
        "amenity": "fuel"
      },
      "geometry": {
        "type": "Point",
        "coordinates": [
          77.0668071,
          28.5436162
        ]
      },
      "id": "node/723739878"
    },
    {
      "type": "Feature",
      "properties": {
        "@id": "node/728300511",
        "amenity": "fuel"
      },
      "geometry": {
        "type": "Point",
        "coordinates": [
          77.0639396,
          28.5733376
        ]
      },
      "id": "node/728300511"
    },
    {
      "type": "Feature",
      "properties": {
        "@id": "node/728300538",
        "amenity": "fuel",
        "brand": "Hindustan Petroleum",
        "brand:wikidata": "Q1619375",
        "name": "HP",
        "official_name": "Hindustan Petroleum"
      },
      "geometry": {
        "type": "Point",
        "coordinates": [
          77.0822696,
          28.5209438
        ]
      },
      "id": "node/728300538"
    },
    {
      "type": "Feature",
      "properties": {
        "@id": "node/734233646",
        "amenity": "fuel"
      },
      "geometry": {
        "type": "Point",
        "coordinates": [
          77.0230835,
          28.5226175
        ]
      },
      "id": "node/734233646"
    },
    {
      "type": "Feature",
      "properties": {
        "@id": "node/738197283",
        "amenity": "fuel"
      },
      "geometry": {
        "type": "Point",
        "coordinates": [
          77.0151659,
          28.4798102
        ]
      },
      "id": "node/738197283"
    },
    {
      "type": "Feature",
      "properties": {
        "@id": "node/786590765",
        "amenity": "fuel",
        "brand": "Hindustan Petroleum",
        "brand:wikidata": "Q1619375",
        "name": "HP",
        "official_name": "Hindustan Petroleum"
      },
      "geometry": {
        "type": "Point",
        "coordinates": [
          77.2501351,
          28.5490758
        ]
      },
      "id": "node/786590765"
    },
    {
      "type": "Feature",
      "properties": {
        "@id": "node/786590792",
        "amenity": "fuel",
        "brand": "Bharat Petroleum",
        "level": "0",
        "name": "In & Out",
        "shop": "convenience",
        "toilets": "yes"
      },
      "geometry": {
        "type": "Point",
        "coordinates": [
          77.2478224,
          28.5503785
        ]
      },
      "id": "node/786590792"
    },
    {
      "type": "Feature",
      "properties": {
        "@id": "node/913325870",
        "amenity": "fuel"
      },
      "geometry": {
        "type": "Point",
        "coordinates": [
          77.2185803,
          28.6633196
        ]
      },
      "id": "node/913325870"
    },
    {
      "type": "Feature",
      "properties": {
        "@id": "node/971655699",
        "amenity": "fuel"
      },
      "geometry": {
        "type": "Point",
        "coordinates": [
          76.5972408,
          28.1166471
        ]
      },
      "id": "node/971655699"
    },
    {
      "type": "Feature",
      "properties": {
        "@id": "node/971655712",
        "amenity": "fuel"
      },
      "geometry": {
        "type": "Point",
        "coordinates": [
          76.7987229,
          28.2232541
        ]
      },
      "id": "node/971655712"
    },
    {
      "type": "Feature",
      "properties": {
        "@id": "node/971655717",
        "amenity": "fuel",
        "compressed_air": "yes",
        "name": "Indian Oil Petrol Bunk"
      },
      "geometry": {
        "type": "Point",
        "coordinates": [
          76.6018971,
          28.1433821
        ]
      },
      "id": "node/971655717"
    },
    {
      "type": "Feature",
      "properties": {
        "@id": "node/971655718",
        "amenity": "fuel"
      },
      "geometry": {
        "type": "Point",
        "coordinates": [
          76.6015654,
          28.138206
        ]
      },
      "id": "node/971655718"
    },
    {
      "type": "Feature",
      "properties": {
        "@id": "node/971655736",
        "amenity": "fuel",
        "name": "IO British Pentroleum",
        "name:ur": "آئی او برطانوی پٹرولیم"
      },
      "geometry": {
        "type": "Point",
        "coordinates": [
          76.6160158,
          28.1915989
        ]
      },
      "id": "node/971655736"
    },
    {
      "type": "Feature",
      "properties": {
        "@id": "node/1008580626",
        "amenity": "fuel"
      },
      "geometry": {
        "type": "Point",
        "coordinates": [
          76.9553136,
          28.1751344
        ]
      },
      "id": "node/1008580626"
    },
    {
      "type": "Feature",
      "properties": {
        "@id": "node/1114869680",
        "amenity": "fuel",
        "brand": "Indian Oil",
        "brand:wikidata": "Q1289348",
        "name": "Indian Oil"
      },
      "geometry": {
        "type": "Point",
        "coordinates": [
          77.1865562,
          28.5703117
        ]
      },
      "id": "node/1114869680"
    },
    {
      "type": "Feature",
      "properties": {
        "@id": "node/1304853441",
        "amenity": "fuel",
        "brand": "Indian Oil",
        "brand:wikidata": "Q1289348",
        "brand:wikipedia": "en:Indian Oil Corporation",
        "name": "Indian Oil",
        "operator": "Indian Oil"
      },
      "geometry": {
        "type": "Point",
        "coordinates": [
          77.3749465,
          28.6243328
        ]
      },
      "id": "node/1304853441"
    },
    {
      "type": "Feature",
      "properties": {
        "@id": "node/1374470970",
        "amenity": "fuel"
      },
      "geometry": {
        "type": "Point",
        "coordinates": [
          77.0955455,
          28.6226568
        ]
      },
      "id": "node/1374470970"
    },
    {
      "type": "Feature",
      "properties": {
        "@id": "node/1374470975",
        "amenity": "fuel"
      },
      "geometry": {
        "type": "Point",
        "coordinates": [
          77.1189692,
          28.6536021
        ]
      },
      "id": "node/1374470975"
    },
    {
      "type": "Feature",
      "properties": {
        "@id": "node/1374470981",
        "amenity": "fuel"
      },
      "geometry": {
        "type": "Point",
        "coordinates": [
          77.0952665,
          28.6225631
        ]
      },
      "id": "node/1374470981"
    },
    {
      "type": "Feature",
      "properties": {
        "@id": "node/1387004898",
        "amenity": "fuel",
        "brand": "Indian Oil",
        "brand:wikidata": "Q1289348",
        "brand:wikipedia": "en:Indian Oil Corporation",
        "name": "Indian oil"
      },
      "geometry": {
        "type": "Point",
        "coordinates": [
          77.253059,
          28.568231
        ]
      },
      "id": "node/1387004898"
    },
    {
      "type": "Feature",
      "properties": {
        "@id": "node/1389061407",
        "amenity": "fuel"
      },
      "geometry": {
        "type": "Point",
        "coordinates": [
          77.0719754,
          28.47224
        ]
      },
      "id": "node/1389061407"
    },
    {
      "type": "Feature",
      "properties": {
        "@id": "node/1408429264",
        "amenity": "fuel"
      },
      "geometry": {
        "type": "Point",
        "coordinates": [
          77.2755056,
          28.4028689
        ]
      },
      "id": "node/1408429264"
    },
    {
      "type": "Feature",
      "properties": {
        "@id": "node/1480729647",
        "amenity": "fuel",
        "brand": "Indian Oil",
        "brand:wikidata": "Q1289348",
        "compressed_air": "yes",
        "name": "Indian Oil"
      },
      "geometry": {
        "type": "Point",
        "coordinates": [
          77.0675759,
          28.5750095
        ]
      },
      "id": "node/1480729647"
    },
    {
      "type": "Feature",
      "properties": {
        "@id": "node/1480729649",
        "amenity": "fuel",
        "compressed_air": "yes",
        "name": "Indraprastha CNG gas station pump"
      },
      "geometry": {
        "type": "Point",
        "coordinates": [
          77.067756,
          28.5752361
        ]
      },
      "id": "node/1480729649"
    },
    {
      "type": "Feature",
      "properties": {
        "@id": "node/1528719395",
        "amenity": "fuel",
        "brand": "Hindustan Petroleum",
        "brand:wikidata": "Q1619375",
        "fuel:diesel": "yes",
        "fuel:octane_98": "yes",
        "name": "HP (NFC)",
        "official_name": "Hindustan Petroleum"
      },
      "geometry": {
        "type": "Point",
        "coordinates": [
          77.2598635,
          28.5712512
        ]
      },
      "id": "node/1528719395"
    },
    {
      "type": "Feature",
      "properties": {
        "@id": "node/1565310374",
        "amenity": "fuel",
        "brand": "Indian Oil",
        "brand:wikidata": "Q1289348",
        "name": "Indian Oil"
      },
      "geometry": {
        "type": "Point",
        "coordinates": [
          77.1085002,
          28.4819429
        ]
      },
      "id": "node/1565310374"
    },
    {
      "type": "Feature",
      "properties": {
        "@id": "node/1572444664",
        "amenity": "fuel"
      },
      "geometry": {
        "type": "Point",
        "coordinates": [
          77.2939433,
          28.389926
        ]
      },
      "id": "node/1572444664"
    },
    {
      "type": "Feature",
      "properties": {
        "@id": "node/1646596546",
        "amenity": "fuel",
        "name": "Indian Oil"
      },
      "geometry": {
        "type": "Point",
        "coordinates": [
          77.0743869,
          28.2419169
        ]
      },
      "id": "node/1646596546"
    },
    {
      "type": "Feature",
      "properties": {
        "@id": "node/1646596547",
        "amenity": "fuel",
        "brand": "Indian Oil",
        "brand:wikidata": "Q1289348",
        "name": "Indian Oil"
      },
      "geometry": {
        "type": "Point",
        "coordinates": [
          77.0663102,
          28.3088661
        ]
      },
      "id": "node/1646596547"
    },
    {
      "type": "Feature",
      "properties": {
        "@id": "node/1669069398",
        "amenity": "fuel"
      },
      "geometry": {
        "type": "Point",
        "coordinates": [
          77.1739956,
          28.6397503
        ]
      },
      "id": "node/1669069398"
    },
    {
      "type": "Feature",
      "properties": {
        "@id": "node/1669092652",
        "amenity": "fuel"
      },
      "geometry": {
        "type": "Point",
        "coordinates": [
          77.1740466,
          28.6396139
        ]
      },
      "id": "node/1669092652"
    },
    {
      "type": "Feature",
      "properties": {
        "@id": "node/1730575588",
        "amenity": "fuel",
        "brand": "Hindustan Petroleum",
        "brand:wikidata": "Q1619375",
        "compressed_air": "yes",
        "name": "Heera Fuel Station",
        "official_name": "Hindustan Petroleum"
      },
      "geometry": {
        "type": "Point",
        "coordinates": [
          77.099404,
          28.4318938
        ]
      },
      "id": "node/1730575588"
    },
    {
      "type": "Feature",
      "properties": {
        "@id": "node/1730577467",
        "amenity": "fuel",
        "brand": "HCG",
        "compressed_air": "no",
        "name": "HCG CNG Station",
        "operator": "HCG"
      },
      "geometry": {
        "type": "Point",
        "coordinates": [
          77.0997366,
          28.4318987
        ]
      },
      "id": "node/1730577467"
    },
    {
      "type": "Feature",
      "properties": {
        "@id": "node/1730936326",
        "amenity": "fuel",
        "name": "IGL CNG Station"
      },
      "geometry": {
        "type": "Point",
        "coordinates": [
          77.0875128,
          28.6675822
        ]
      },
      "id": "node/1730936326"
    },
    {
      "type": "Feature",
      "properties": {
        "@id": "node/1730936746",
        "amenity": "fuel",
        "name": "Fuel Station"
      },
      "geometry": {
        "type": "Point",
        "coordinates": [
          77.0875826,
          28.6678882
        ]
      },
      "id": "node/1730936746"
    },
    {
      "type": "Feature",
      "properties": {
        "@id": "node/1764313949",
        "amenity": "fuel",
        "name": "Petrol Pump"
      },
      "geometry": {
        "type": "Point",
        "coordinates": [
          76.9794295,
          28.6111468
        ]
      },
      "id": "node/1764313949"
    },
    {
      "type": "Feature",
      "properties": {
        "@id": "node/1764314720",
        "amenity": "fuel",
        "name": "Petrol Pump"
      },
      "geometry": {
        "type": "Point",
        "coordinates": [
          76.9796548,
          28.6126726
        ]
      },
      "id": "node/1764314720"
    },
    {
      "type": "Feature",
      "properties": {
        "@id": "node/1764315154",
        "amenity": "fuel",
        "name": "Petrol Pump"
      },
      "geometry": {
        "type": "Point",
        "coordinates": [
          76.9805689,
          28.6141749
        ]
      },
      "id": "node/1764315154"
    },
    {
      "type": "Feature",
      "properties": {
        "@id": "node/1825166559",
        "amenity": "fuel"
      },
      "geometry": {
        "type": "Point",
        "coordinates": [
          77.1151548,
          28.7008618
        ]
      },
      "id": "node/1825166559"
    },
    {
      "type": "Feature",
      "properties": {
        "@id": "node/1826377964",
        "amenity": "fuel"
      },
      "geometry": {
        "type": "Point",
        "coordinates": [
          77.0897215,
          28.6882729
        ]
      },
      "id": "node/1826377964"
    },
    {
      "type": "Feature",
      "properties": {
        "@id": "node/1832541547",
        "amenity": "fuel",
        "wheelchair": "limited"
      },
      "geometry": {
        "type": "Point",
        "coordinates": [
          77.3197388,
          28.4318132
        ]
      },
      "id": "node/1832541547"
    },
    {
      "type": "Feature",
      "properties": {
        "@id": "node/1996927297",
        "amenity": "fuel",
        "name": "Petrol pump Maitri motors "
      },
      "geometry": {
        "type": "Point",
        "coordinates": [
          76.9423133,
          28.3675991
        ]
      },
      "id": "node/1996927297"
    },
    {
      "type": "Feature",
      "properties": {
        "@id": "node/1996985486",
        "amenity": "fuel",
        "name": "IOC COCO Manesar"
      },
      "geometry": {
        "type": "Point",
        "coordinates": [
          76.9378314,
          28.3426007
        ]
      },
      "id": "node/1996985486"
    },
    {
      "type": "Feature",
      "properties": {
        "@id": "node/1996985488",
        "amenity": "fuel",
        "name": "Petrol Pump"
      },
      "geometry": {
        "type": "Point",
        "coordinates": [
          76.9567863,
          28.3762152
        ]
      },
      "id": "node/1996985488"
    },
    {
      "type": "Feature",
      "properties": {
        "@id": "node/2025439677",
        "amenity": "fuel",
        "brand": "Indian Oil",
        "brand:wikidata": "Q1289348",
        "compressed_air": "yes",
        "name": "Indian Oil"
      },
      "geometry": {
        "type": "Point",
        "coordinates": [
          77.1633987,
          28.5578343
        ]
      },
      "id": "node/2025439677"
    },
    {
      "type": "Feature",
      "properties": {
        "@id": "node/2084093986",
        "amenity": "fuel",
        "name": "Transportation: Bharat Petroleum Fuel Station"
      },
      "geometry": {
        "type": "Point",
        "coordinates": [
          77.3585987,
          28.5769092
        ]
      },
      "id": "node/2084093986"
    },
    {
      "type": "Feature",
      "properties": {
        "@id": "node/2084237492",
        "amenity": "fuel",
        "brand": "Hindustan Petroleum",
        "brand:wikidata": "Q1619375",
        "name": "HP",
        "official_name": "Hindustan Petroleum"
      },
      "geometry": {
        "type": "Point",
        "coordinates": [
          77.3604055,
          28.5773251
        ]
      },
      "id": "node/2084237492"
    },
    {
      "type": "Feature",
      "properties": {
        "@id": "node/2084482683",
        "amenity": "fuel",
        "brand": "Bharat Petroleum",
        "brand:wikidata": "Q854826",
        "fuel:cng": "yes",
        "fuel:octane_98": "yes",
        "name": "Bharat Petroleum",
        "opening_hours": "24/7"
      },
      "geometry": {
        "type": "Point",
        "coordinates": [
          77.2647429,
          28.5632467
        ]
      },
      "id": "node/2084482683"
    },
    {
      "type": "Feature",
      "properties": {
        "@id": "node/2178271096",
        "amenity": "fuel"
      },
      "geometry": {
        "type": "Point",
        "coordinates": [
          77.0541707,
          28.6048283
        ]
      },
      "id": "node/2178271096"
    },
    {
      "type": "Feature",
      "properties": {
        "@id": "node/2416151585",
        "amenity": "fuel",
        "brand": "Bharat Petroleum",
        "brand:wikidata": "Q854826",
        "compressed_air": "yes",
        "name": "Bharat Petroleum"
      },
      "geometry": {
        "type": "Point",
        "coordinates": [
          77.2375948,
          28.5924259
        ]
      },
      "id": "node/2416151585"
    },
    {
      "type": "Feature",
      "properties": {
        "@id": "node/2445916143",
        "amenity": "fuel"
      },
      "geometry": {
        "type": "Point",
        "coordinates": [
          77.1300259,
          28.6746734
        ]
      },
      "id": "node/2445916143"
    },
    {
      "type": "Feature",
      "properties": {
        "@id": "node/2445940567",
        "amenity": "fuel"
      },
      "geometry": {
        "type": "Point",
        "coordinates": [
          77.1525081,
          28.672466
        ]
      },
      "id": "node/2445940567"
    },
    {
      "type": "Feature",
      "properties": {
        "@id": "node/2465383296",
        "amenity": "fuel",
        "building": "yes",
        "compressed_air": "yes",
        "name": "Capt. Anuj Sharma Gas Station",
        "note": "Currently, if you are Citibank Card holder and your card has to option to waive of service charge, then this pump doesn't provide you that facility."
      },
      "geometry": {
        "type": "Point",
        "coordinates": [
          77.324429,
          28.6009072
        ]
      },
      "id": "node/2465383296"
    },
    {
      "type": "Feature",
      "properties": {
        "@id": "node/2465418392",
        "amenity": "fuel",
        "building": "yes",
        "name": "Ruchika Petrol Pump"
      },
      "geometry": {
        "type": "Point",
        "coordinates": [
          77.3355959,
          28.6036715
        ]
      },
      "id": "node/2465418392"
    },
    {
      "type": "Feature",
      "properties": {
        "@id": "node/2511126268",
        "amenity": "fuel",
        "brand": "Hindustan Petroleum",
        "brand:wikidata": "Q1619375",
        "name": "HP",
        "official_name": "Hindustan Petroleum",
        "source:amenity": "survey"
      },
      "geometry": {
        "type": "Point",
        "coordinates": [
          77.116556,
          28.5403844
        ]
      },
      "id": "node/2511126268"
    },
    {
      "type": "Feature",
      "properties": {
        "@id": "node/2565033378",
        "amenity": "fuel"
      },
      "geometry": {
        "type": "Point",
        "coordinates": [
          77.0891714,
          28.4162494
        ]
      },
      "id": "node/2565033378"
    },
    {
      "type": "Feature",
      "properties": {
        "@id": "node/2679055806",
        "amenity": "fuel"
      },
      "geometry": {
        "type": "Point",
        "coordinates": [
          77.2670442,
          28.5323584
        ]
      },
      "id": "node/2679055806"
    },
    {
      "type": "Feature",
      "properties": {
        "@id": "node/2682211311",
        "amenity": "fuel"
      },
      "geometry": {
        "type": "Point",
        "coordinates": [
          77.0683725,
          28.6304459
        ]
      },
      "id": "node/2682211311"
    },
    {
      "type": "Feature",
      "properties": {
        "@id": "node/2692217181",
        "amenity": "fuel"
      },
      "geometry": {
        "type": "Point",
        "coordinates": [
          77.0038055,
          28.6610853
        ]
      },
      "id": "node/2692217181"
    },
    {
      "type": "Feature",
      "properties": {
        "@id": "node/2692246794",
        "amenity": "fuel"
      },
      "geometry": {
        "type": "Point",
        "coordinates": [
          77.0073192,
          28.6633448
        ]
      },
      "id": "node/2692246794"
    },
    {
      "type": "Feature",
      "properties": {
        "@id": "node/2706665778",
        "amenity": "fuel"
      },
      "geometry": {
        "type": "Point",
        "coordinates": [
          77.1127554,
          28.6189609
        ]
      },
      "id": "node/2706665778"
    },
    {
      "type": "Feature",
      "properties": {
        "@id": "node/2706730316",
        "amenity": "fuel",
        "brand": "Indraprastha Gas Limited",
        "fuel:cng": "yes"
      },
      "geometry": {
        "type": "Point",
        "coordinates": [
          77.1667456,
          28.5217581
        ]
      },
      "id": "node/2706730316"
    },
    {
      "type": "Feature",
      "properties": {
        "@id": "node/2708101948",
        "addr:postcode": "110015",
        "addr:street": "Shivaji Marg",
        "amenity": "fuel",
        "brand": "Hindustan Petroleum",
        "brand:wikidata": "Q1619375",
        "fuel:diesel": "yes",
        "fuel:petrol": "yes",
        "name": "Hindustan Petroleum",
        "operator": "HPCL",
        "short_name": "HP"
      },
      "geometry": {
        "type": "Point",
        "coordinates": [
          77.1462516,
          28.6601885
        ]
      },
      "id": "node/2708101948"
    },
    {
      "type": "Feature",
      "properties": {
        "@id": "node/2716596291",
        "amenity": "fuel",
        "brand": "Indian Oil",
        "brand:wikidata": "Q1289348",
        "name": "Indian Oil"
      },
      "geometry": {
        "type": "Point",
        "coordinates": [
          77.2844736,
          28.5377335
        ]
      },
      "id": "node/2716596291"
    },
    {
      "type": "Feature",
      "properties": {
        "@id": "node/2876124422",
        "amenity": "fuel",
        "brand": "Hindustan Petroleum",
        "fuel:cng": "yes",
        "fuel:diesel": "yes",
        "name": "Badarpur Service Station",
        "opening_hours": "24/7"
      },
      "geometry": {
        "type": "Point",
        "coordinates": [
          77.3411167,
          28.6196369
        ]
      },
      "id": "node/2876124422"
    },
    {
      "type": "Feature",
      "properties": {
        "@id": "node/2876124425",
        "amenity": "fuel",
        "brand": "Indraprastha Gas Limited",
        "fuel:cng": "yes"
      },
      "geometry": {
        "type": "Point",
        "coordinates": [
          77.340798,
          28.6198358
        ]
      },
      "id": "node/2876124425"
    },
    {
      "type": "Feature",
      "properties": {
        "@id": "node/2876124457",
        "amenity": "fuel",
        "brand": "Indian Oil"
      },
      "geometry": {
        "type": "Point",
        "coordinates": [
          77.3338728,
          28.6261156
        ]
      },
      "id": "node/2876124457"
    },
    {
      "type": "Feature",
      "properties": {
        "@id": "node/2936457537",
        "amenity": "fuel",
        "brand": "Indian Oil",
        "brand:wikidata": "Q1289348",
        "name": "Indian Oil"
      },
      "geometry": {
        "type": "Point",
        "coordinates": [
          77.2116936,
          28.6967023
        ]
      },
      "id": "node/2936457537"
    },
    {
      "type": "Feature",
      "properties": {
        "@id": "node/2936616700",
        "amenity": "fuel",
        "brand": "Indian Oil",
        "name": "Indian Oil"
      },
      "geometry": {
        "type": "Point",
        "coordinates": [
          77.2246535,
          28.7074313
        ]
      },
      "id": "node/2936616700"
    },
    {
      "type": "Feature",
      "properties": {
        "@id": "node/2961665970",
        "amenity": "fuel",
        "fuel:diesel": "yes",
        "fuel:octane_98": "yes"
      },
      "geometry": {
        "type": "Point",
        "coordinates": [
          77.3363961,
          28.645677
        ]
      },
      "id": "node/2961665970"
    },
    {
      "type": "Feature",
      "properties": {
        "@id": "node/3009827645",
        "addr:city": "Sector - 10, Rohini,, Delhi",
        "addr:postcode": "110085",
        "amenity": "fuel"
      },
      "geometry": {
        "type": "Point",
        "coordinates": [
          77.1093964,
          28.7212501
        ]
      },
      "id": "node/3009827645"
    },
    {
      "type": "Feature",
      "properties": {
        "@id": "node/3009832163",
        "addr:postcode": "110085",
        "amenity": "fuel",
        "brand": "Hindustan Petroleum",
        "brand:wikidata": "Q1619375",
        "name": "HP",
        "official_name": "Hindustan Petroleum"
      },
      "geometry": {
        "type": "Point",
        "coordinates": [
          77.1213536,
          28.730428
        ]
      },
      "id": "node/3009832163"
    },
    {
      "type": "Feature",
      "properties": {
        "@id": "node/3043578397",
        "addr:city": "Sector - 5, Rohini, Delhi",
        "addr:postcode": "110085",
        "amenity": "fuel",
        "compressed_air": "yes",
        "name": "Bharat Petroleum"
      },
      "geometry": {
        "type": "Point",
        "coordinates": [
          77.1103196,
          28.7180141
        ]
      },
      "id": "node/3043578397"
    },
    {
      "type": "Feature",
      "properties": {
        "@id": "node/3206829158",
        "amenity": "fuel"
      },
      "geometry": {
        "type": "Point",
        "coordinates": [
          76.7929169,
          28.5763184
        ]
      },
      "id": "node/3206829158"
    },
    {
      "type": "Feature",
      "properties": {
        "@id": "node/3246081385",
        "amenity": "fuel",
        "fuel:diesel": "yes",
        "fuel:octane_95": "yes"
      },
      "geometry": {
        "type": "Point",
        "coordinates": [
          77.1813607,
          28.5709641
        ]
      },
      "id": "node/3246081385"
    },
    {
      "type": "Feature",
      "properties": {
        "@id": "node/3246081591",
        "amenity": "fuel",
        "brand": "Indian Oil",
        "brand:wikidata": "Q1289348",
        "fuel:diesel": "yes",
        "fuel:octane_95": "yes",
        "name": "Indian Oil"
      },
      "geometry": {
        "type": "Point",
        "coordinates": [
          77.2015521,
          28.5442254
        ]
      },
      "id": "node/3246081591"
    },
    {
      "type": "Feature",
      "properties": {
        "@id": "node/3246085161",
        "amenity": "fuel",
        "brand": "Bharat Petroleum",
        "brand:wikidata": "Q854826",
        "name": "Bharat Petroleum"
      },
      "geometry": {
        "type": "Point",
        "coordinates": [
          77.2560882,
          28.5479594
        ]
      },
      "id": "node/3246085161"
    },
    {
      "type": "Feature",
      "properties": {
        "@id": "node/3246097091",
        "amenity": "fuel",
        "brand": "Bharat Petroleum",
        "brand:wikidata": "Q854826",
        "fuel:diesel": "yes",
        "fuel:octane_95": "yes",
        "name": "Bharat Petroleum"
      },
      "geometry": {
        "type": "Point",
        "coordinates": [
          77.2574979,
          28.5739842
        ]
      },
      "id": "node/3246097091"
    },
    {
      "type": "Feature",
      "properties": {
        "@id": "node/3450272490",
        "amenity": "fuel",
        "brand": "Indian Oil",
        "brand:wikidata": "Q1289348",
        "name": "Indian Oil"
      },
      "geometry": {
        "type": "Point",
        "coordinates": [
          77.2602284,
          28.5859568
        ]
      },
      "id": "node/3450272490"
    },
    {
      "type": "Feature",
      "properties": {
        "@id": "node/3704734414",
        "amenity": "fuel",
        "brand": "IGL",
        "brand:wikidata": "Q125553945",
        "fuel:cng": "yes",
        "name": "IGL"
      },
      "geometry": {
        "type": "Point",
        "coordinates": [
          77.1374742,
          28.5721377
        ]
      },
      "id": "node/3704734414"
    },
    {
      "type": "Feature",
      "properties": {
        "@id": "node/3735501827",
        "amenity": "fuel"
      },
      "geometry": {
        "type": "Point",
        "coordinates": [
          76.9948628,
          28.6870339
        ]
      },
      "id": "node/3735501827"
    },
    {
      "type": "Feature",
      "properties": {
        "@id": "node/4071049790",
        "amenity": "fuel"
      },
      "geometry": {
        "type": "Point",
        "coordinates": [
          77.0415645,
          28.4174044
        ]
      },
      "id": "node/4071049790"
    },
    {
      "type": "Feature",
      "properties": {
        "@id": "node/4071049791",
        "amenity": "fuel"
      },
      "geometry": {
        "type": "Point",
        "coordinates": [
          77.0420039,
          28.4175397
        ]
      },
      "id": "node/4071049791"
    },
    {
      "type": "Feature",
      "properties": {
        "@id": "node/4071049792",
        "amenity": "fuel"
      },
      "geometry": {
        "type": "Point",
        "coordinates": [
          77.0426565,
          28.4180943
        ]
      },
      "id": "node/4071049792"
    },
    {
      "type": "Feature",
      "properties": {
        "@id": "node/4122590190",
        "amenity": "fuel",
        "brand": "Bharat Petroleum",
        "brand:wikidata": "Q854826",
        "name": "Bharat Petroleum"
      },
      "geometry": {
        "type": "Point",
        "coordinates": [
          77.210219,
          28.6288906
        ]
      },
      "id": "node/4122590190"
    },
    {
      "type": "Feature",
      "properties": {
        "@id": "node/4123294289",
        "amenity": "fuel",
        "brand": "Bharat Petroleum",
        "brand:wikidata": "Q854826",
        "name": "Bharat Petroleum"
      },
      "geometry": {
        "type": "Point",
        "coordinates": [
          77.206402,
          28.557687
        ]
      },
      "id": "node/4123294289"
    },
    {
      "type": "Feature",
      "properties": {
        "@id": "node/4162525662",
        "amenity": "fuel",
        "name": "IBP Petrol Pump"
      },
      "geometry": {
        "type": "Point",
        "coordinates": [
          77.0463322,
          28.4557901
        ]
      },
      "id": "node/4162525662"
    },
    {
      "type": "Feature",
      "properties": {
        "@id": "node/4164673331",
        "amenity": "fuel"
      },
      "geometry": {
        "type": "Point",
        "coordinates": [
          77.0467775,
          28.4578288
        ]
      },
      "id": "node/4164673331"
    },
    {
      "type": "Feature",
      "properties": {
        "@id": "node/4211294802",
        "amenity": "fuel",
        "brand": "IGL",
        "brand:short": "IGL",
        "brand:wikidata": "Q125553945",
        "fuel:cng": "yes",
        "name": "IGL"
      },
      "geometry": {
        "type": "Point",
        "coordinates": [
          77.1964421,
          28.5699619
        ]
      },
      "id": "node/4211294802"
    },
    {
      "type": "Feature",
      "properties": {
        "@id": "node/4330973390",
        "amenity": "fuel"
      },
      "geometry": {
        "type": "Point",
        "coordinates": [
          77.1351273,
          28.6896904
        ]
      },
      "id": "node/4330973390"
    },
    {
      "type": "Feature",
      "properties": {
        "@id": "node/4342340490",
        "addr:street": "Josip Broz Tito Marg",
        "amenity": "fuel",
        "brand": "Indian Oil",
        "brand:wikidata": "Q1289348",
        "name": "IOCL Sadiq nagar"
      },
      "geometry": {
        "type": "Point",
        "coordinates": [
          77.2284238,
          28.5552682
        ]
      },
      "id": "node/4342340490"
    },
    {
      "type": "Feature",
      "properties": {
        "@id": "node/4396969419",
        "amenity": "fuel",
        "name": "CNG Pump"
      },
      "geometry": {
        "type": "Point",
        "coordinates": [
          77.1067343,
          28.5584543
        ]
      },
      "id": "node/4396969419"
    },
    {
      "type": "Feature",
      "properties": {
        "@id": "node/4438422389",
        "amenity": "fuel",
        "brand": "Indian Oil",
        "brand:wikidata": "Q1289348",
        "brand:wikipedia": "en:Indian Oil Corporation",
        "name": "Indian Oil Corp petrol bunk",
        "name:en": "Indian Oil Corp petrol bunk"
      },
      "geometry": {
        "type": "Point",
        "coordinates": [
          77.3214599,
          28.6292275
        ]
      },
      "id": "node/4438422389"
    },
    {
      "type": "Feature",
      "properties": {
        "@id": "node/4453247292",
        "amenity": "fuel",
        "brand": "IGL",
        "name": "CNG Fuel Station",
        "operator": "IGL",
        "self_service": "no"
      },
      "geometry": {
        "type": "Point",
        "coordinates": [
          77.0369101,
          28.5906402
        ]
      },
      "id": "node/4453247292"
    },
    {
      "type": "Feature",
      "properties": {
        "@id": "node/4453248391",
        "amenity": "fuel"
      },
      "geometry": {
        "type": "Point",
        "coordinates": [
          77.0533799,
          28.577472
        ]
      },
      "id": "node/4453248391"
    },
    {
      "type": "Feature",
      "properties": {
        "@id": "node/4466591562",
        "amenity": "fuel"
      },
      "geometry": {
        "type": "Point",
        "coordinates": [
          76.9548459,
          28.3753981
        ]
      },
      "id": "node/4466591562"
    },
    {
      "type": "Feature",
      "properties": {
        "@id": "node/4466633234",
        "amenity": "fuel"
      },
      "geometry": {
        "type": "Point",
        "coordinates": [
          76.865548,
          28.293273
        ]
      },
      "id": "node/4466633234"
    },
    {
      "type": "Feature",
      "properties": {
        "@id": "node/4466633236",
        "amenity": "fuel"
      },
      "geometry": {
        "type": "Point",
        "coordinates": [
          76.5502331,
          28.0674881
        ]
      },
      "id": "node/4466633236"
    },
    {
      "type": "Feature",
      "properties": {
        "@id": "node/4466633237",
        "amenity": "fuel",
        "name": "essar"
      },
      "geometry": {
        "type": "Point",
        "coordinates": [
          76.5384517,
          28.0584628
        ]
      },
      "id": "node/4466633237"
    },
    {
      "type": "Feature",
      "properties": {
        "@id": "node/4466633238",
        "amenity": "fuel"
      },
      "geometry": {
        "type": "Point",
        "coordinates": [
          76.5338428,
          28.0556472
        ]
      },
      "id": "node/4466633238"
    },
    {
      "type": "Feature",
      "properties": {
        "@id": "node/4466634110",
        "amenity": "fuel"
      },
      "geometry": {
        "type": "Point",
        "coordinates": [
          76.5556238,
          28.0689291
        ]
      },
      "id": "node/4466634110"
    },
    {
      "type": "Feature",
      "properties": {
        "@id": "node/4466634111",
        "amenity": "fuel"
      },
      "geometry": {
        "type": "Point",
        "coordinates": [
          76.5443137,
          28.0625084
        ]
      },
      "id": "node/4466634111"
    },
    {
      "type": "Feature",
      "properties": {
        "@id": "node/4466634112",
        "amenity": "fuel"
      },
      "geometry": {
        "type": "Point",
        "coordinates": [
          76.5193266,
          28.0468933
        ]
      },
      "id": "node/4466634112"
    },
    {
      "type": "Feature",
      "properties": {
        "@id": "node/4466634113",
        "amenity": "fuel"
      },
      "geometry": {
        "type": "Point",
        "coordinates": [
          76.5149066,
          28.0410425
        ]
      },
      "id": "node/4466634113"
    },
    {
      "type": "Feature",
      "properties": {
        "@id": "node/4472307090",
        "amenity": "fuel",
        "brand": "IGL",
        "brand:wikidata": "Q125553945",
        "name": "IGL",
        "name:en": "IGL"
      },
      "geometry": {
        "type": "Point",
        "coordinates": [
          77.1529427,
          28.6723785
        ]
      },
      "id": "node/4472307090"
    },
    {
      "type": "Feature",
      "properties": {
        "@id": "node/4472307091",
        "amenity": "fuel",
        "brand": "Indian Oil",
        "brand:wikidata": "Q1289348",
        "brand:wikipedia": "en:Indian Oil Corporation",
        "name": "Indian oil",
        "name:en": "Indian oil"
      },
      "geometry": {
        "type": "Point",
        "coordinates": [
          77.143128,
          28.6737578
        ]
      },
      "id": "node/4472307091"
    },
    {
      "type": "Feature",
      "properties": {
        "@id": "node/4486740996",
        "amenity": "fuel",
        "name:en": "Indian Oil"
      },
      "geometry": {
        "type": "Point",
        "coordinates": [
          77.4864987,
          28.4964552
        ]
      },
      "id": "node/4486740996"
    },
    {
      "type": "Feature",
      "properties": {
        "@id": "node/4618633879",
        "amenity": "fuel"
      },
      "geometry": {
        "type": "Point",
        "coordinates": [
          77.189545,
          28.207936
        ]
      },
      "id": "node/4618633879"
    },
    {
      "type": "Feature",
      "properties": {
        "@id": "node/4618633880",
        "amenity": "fuel"
      },
      "geometry": {
        "type": "Point",
        "coordinates": [
          77.2185148,
          28.2009198
        ]
      },
      "id": "node/4618633880"
    },
    {
      "type": "Feature",
      "properties": {
        "@id": "node/4618647988",
        "amenity": "fuel",
        "brand": "Indian Oil"
      },
      "geometry": {
        "type": "Point",
        "coordinates": [
          77.1840092,
          28.4496992
        ]
      },
      "id": "node/4618647988"
    },
    {
      "type": "Feature",
      "properties": {
        "@id": "node/4618648360",
        "amenity": "fuel"
      },
      "geometry": {
        "type": "Point",
        "coordinates": [
          77.3966559,
          28.0910312
        ]
      },
      "id": "node/4618648360"
    },
    {
      "type": "Feature",
      "properties": {
        "@id": "node/4618648497",
        "amenity": "fuel"
      },
      "geometry": {
        "type": "Point",
        "coordinates": [
          77.2336645,
          28.1949511
        ]
      },
      "id": "node/4618648497"
    },
    {
      "type": "Feature",
      "properties": {
        "@id": "node/4618648500",
        "amenity": "fuel"
      },
      "geometry": {
        "type": "Point",
        "coordinates": [
          77.2848436,
          28.1632207
        ]
      },
      "id": "node/4618648500"
    },
    {
      "type": "Feature",
      "properties": {
        "@id": "node/4618648503",
        "amenity": "fuel"
      },
      "geometry": {
        "type": "Point",
        "coordinates": [
          77.4535642,
          28.0407293
        ]
      },
      "id": "node/4618648503"
    },
    {
      "type": "Feature",
      "properties": {
        "@id": "node/4692006383",
        "amenity": "fuel",
        "brand": "Indraprastha Gas Limited",
        "fuel:cng": "yes"
      },
      "geometry": {
        "type": "Point",
        "coordinates": [
          77.1326402,
          28.5385446
        ]
      },
      "id": "node/4692006383"
    },
    {
      "type": "Feature",
      "properties": {
        "@id": "node/4692007714",
        "amenity": "fuel",
        "brand": "Bharat Petroleum",
        "brand:wikidata": "Q854826",
        "name": "Jiwan Service Station",
        "opening_hours": "24/7"
      },
      "geometry": {
        "type": "Point",
        "coordinates": [
          77.2245624,
          28.6045138
        ]
      },
      "id": "node/4692007714"
    },
    {
      "type": "Feature",
      "properties": {
        "@id": "node/4778391815",
        "amenity": "fuel"
      },
      "geometry": {
        "type": "Point",
        "coordinates": [
          77.0543873,
          28.5558238
        ]
      },
      "id": "node/4778391815"
    },
    {
      "type": "Feature",
      "properties": {
        "@id": "node/4863161721",
        "amenity": "fuel",
        "brand": "Indian Oil",
        "brand:wikidata": "Q1289348",
        "name": "Indian Oil",
        "name:en": "Indian Oil Petrol Pump"
      },
      "geometry": {
        "type": "Point",
        "coordinates": [
          77.4553646,
          28.709819
        ]
      },
      "id": "node/4863161721"
    },
    {
      "type": "Feature",
      "properties": {
        "@id": "node/4863714824",
        "amenity": "fuel",
        "brand": "Bharat Petroleum",
        "brand:wikidata": "Q854826",
        "fuel:diesel": "yes",
        "fuel:petrol": "yes",
        "name": "Bharat Petroleum pump",
        "name:en": "Bharat Petroleum",
        "self_service": "no"
      },
      "geometry": {
        "type": "Point",
        "coordinates": [
          77.3785236,
          28.6474139
        ]
      },
      "id": "node/4863714824"
    },
    {
      "type": "Feature",
      "properties": {
        "@id": "node/4934333223",
        "amenity": "fuel",
        "name": "Petrol pump",
        "name:en": "Petrol and CNG Pump",
        "name:hi": "पेट्रोल एंड सी एन जी पम्प"
      },
      "geometry": {
        "type": "Point",
        "coordinates": [
          77.1281505,
          28.7359418
        ]
      },
      "id": "node/4934333223"
    },
    {
      "type": "Feature",
      "properties": {
        "@id": "node/4948444528",
        "addr:postcode": "110026",
        "amenity": "fuel",
        "name": "BPCL PETROL PUMP(shankar filling station)",
        "name:en": "BPCL PETROL PUMP(shankar filling station)"
      },
      "geometry": {
        "type": "Point",
        "coordinates": [
          77.1192683,
          28.6672719
        ]
      },
      "id": "node/4948444528"
    },
    {
      "type": "Feature",
      "properties": {
        "@id": "node/4948444529",
        "amenity": "fuel",
        "brand": "IGL",
        "brand:short": "IGL",
        "brand:wikidata": "Q125553945",
        "fuel:cng": "yes",
        "name": "IGL"
      },
      "geometry": {
        "type": "Point",
        "coordinates": [
          77.1295389,
          28.6628309
        ]
      },
      "id": "node/4948444529"
    },
    {
      "type": "Feature",
      "properties": {
        "@id": "node/5120631349",
        "amenity": "fuel",
        "brand": "Bharat Petroleum",
        "brand:wikidata": "Q854826",
        "name": "Bharat Petroleum"
      },
      "geometry": {
        "type": "Point",
        "coordinates": [
          77.2318251,
          28.5621742
        ]
      },
      "id": "node/5120631349"
    },
    {
      "type": "Feature",
      "properties": {
        "@id": "node/5122127038",
        "amenity": "fuel",
        "brand": "Indian Oil",
        "brand:wikidata": "Q1289348",
        "name": "Indian Oil"
      },
      "geometry": {
        "type": "Point",
        "coordinates": [
          77.2413569,
          28.5870134
        ]
      },
      "id": "node/5122127038"
    },
    {
      "type": "Feature",
      "properties": {
        "@id": "node/5133508409",
        "amenity": "fuel",
        "brand": "Indian Oil",
        "brand:wikidata": "Q1289348",
        "compressed_air": "yes",
        "name": "Indian Oil",
        "toilets": "yes"
      },
      "geometry": {
        "type": "Point",
        "coordinates": [
          77.1882027,
          28.5490489
        ]
      },
      "id": "node/5133508409"
    },
    {
      "type": "Feature",
      "properties": {
        "@id": "node/5134453892",
        "amenity": "fuel",
        "brand": "IGL",
        "brand:wikidata": "Q125553945",
        "fuel:cng": "yes",
        "name": "IGL",
        "operator": "Indraprastha Gas Limited"
      },
      "geometry": {
        "type": "Point",
        "coordinates": [
          77.1804718,
          28.5532352
        ]
      },
      "id": "node/5134453892"
    },
    {
      "type": "Feature",
      "properties": {
        "@id": "node/5137961060",
        "amenity": "fuel",
        "brand": "Bharat Petroleum",
        "brand:wikidata": "Q854826",
        "brand:wikipedia": "en:Bharat Petroleum",
        "name": "Bharat Petroleum"
      },
      "geometry": {
        "type": "Point",
        "coordinates": [
          77.1793308,
          28.5804633
        ]
      },
      "id": "node/5137961060"
    },
    {
      "type": "Feature",
      "properties": {
        "@id": "node/5193360429",
        "addr:housenumber": "24",
        "addr:place": "Connaught Place",
        "amenity": "fuel",
        "brand": "Hindustan Petroleum",
        "brand:wikidata": "Q1619375",
        "check_date": "2024-06-02",
        "compressed_air": "yes",
        "name": "Hindustan Petroleum",
        "official_name": "Hindustan Petroleum"
      },
      "geometry": {
        "type": "Point",
        "coordinates": [
          77.2215358,
          28.6318815
        ]
      },
      "id": "node/5193360429"
    },
    {
      "type": "Feature",
      "properties": {
        "@id": "node/5244045384",
        "addr:state": "DL",
        "addr:street": "Hansraj Gupta Marg",
        "amenity": "fuel",
        "brand": "Bharat Petroleum",
        "brand:wikidata": "Q854826",
        "compressed_air": "yes",
        "name": "Bharat Petroleum"
      },
      "geometry": {
        "type": "Point",
        "coordinates": [
          77.232009,
          28.5592278
        ]
      },
      "id": "node/5244045384"
    },
    {
      "type": "Feature",
      "properties": {
        "@id": "node/5258047460",
        "amenity": "fuel",
        "brand": "Indian Oil",
        "brand:wikidata": "Q1289348",
        "name": "Indian Oil"
      },
      "geometry": {
        "type": "Point",
        "coordinates": [
          77.2215027,
          28.5421697
        ]
      },
      "id": "node/5258047460"
    },
    {
      "type": "Feature",
      "properties": {
        "@id": "node/5273029614",
        "amenity": "fuel",
        "brand": "Indian Oil",
        "brand:wikidata": "Q1289348",
        "name": "Indian Oil"
      },
      "geometry": {
        "type": "Point",
        "coordinates": [
          77.2118715,
          28.5534953
        ]
      },
      "id": "node/5273029614"
    },
    {
      "type": "Feature",
      "properties": {
        "@id": "node/5273030317",
        "amenity": "fuel",
        "brand": "Bharat Petroleum",
        "brand:wikidata": "Q854826",
        "compressed_air": "yes",
        "name": "Bharat Petroleum",
        "opening_hours": "Mo-Su,PH 06:00-12:00+"
      },
      "geometry": {
        "type": "Point",
        "coordinates": [
          77.2378394,
          28.5745515
        ]
      },
      "id": "node/5273030317"
    },
    {
      "type": "Feature",
      "properties": {
        "@id": "node/5305575046",
        "amenity": "fuel",
        "brand": "Indian Oil",
        "brand:wikidata": "Q1289348",
        "compressed_air": "yes",
        "name": "Qutub Service Station"
      },
      "geometry": {
        "type": "Point",
        "coordinates": [
          77.1964126,
          28.534509
        ]
      },
      "id": "node/5305575046"
    },
    {
      "type": "Feature",
      "properties": {
        "@id": "node/5323165129",
        "amenity": "fuel",
        "brand": "Bharat Petroleum",
        "brand:wikidata": "Q854826",
        "name": "Bharat Petroleum"
      },
      "geometry": {
        "type": "Point",
        "coordinates": [
          77.1899028,
          28.5279296
        ]
      },
      "id": "node/5323165129"
    },
    {
      "type": "Feature",
      "properties": {
        "@id": "node/5331550502",
        "amenity": "fuel",
        "brand": "Indian Oil",
        "brand:wikidata": "Q1289348",
        "name": "Indian Oil"
      },
      "geometry": {
        "type": "Point",
        "coordinates": [
          77.2325592,
          28.5380314
        ]
      },
      "id": "node/5331550502"
    },
    {
      "type": "Feature",
      "properties": {
        "@id": "node/5345530305",
        "amenity": "fuel",
        "brand": "Bharat Petroleum",
        "brand:wikidata": "Q854826",
        "check_date": "2026-03-20",
        "name": "Bharat Petroleum"
      },
      "geometry": {
        "type": "Point",
        "coordinates": [
          77.2188215,
          28.624526
        ]
      },
      "id": "node/5345530305"
    },
    {
      "type": "Feature",
      "properties": {
        "@id": "node/5345531969",
        "amenity": "fuel",
        "brand": "Indian Oil",
        "brand:wikidata": "Q1289348",
        "check_date": "2026-03-20",
        "name": "Indian Oil"
      },
      "geometry": {
        "type": "Point",
        "coordinates": [
          77.2199591,
          28.6264672
        ]
      },
      "id": "node/5345531969"
    },
    {
      "type": "Feature",
      "properties": {
        "@id": "node/5407783821",
        "amenity": "fuel",
        "name": "Bharat Petroleum"
      },
      "geometry": {
        "type": "Point",
        "coordinates": [
          77.1182573,
          28.7393538
        ]
      },
      "id": "node/5407783821"
    },
    {
      "type": "Feature",
      "properties": {
        "@id": "node/5409197463",
        "amenity": "fuel",
        "name": "Essar PETROL PUMP"
      },
      "geometry": {
        "type": "Point",
        "coordinates": [
          77.3631,
          28.3861754
        ]
      },
      "id": "node/5409197463"
    },
    {
      "type": "Feature",
      "properties": {
        "@id": "node/5426403862",
        "amenity": "fuel",
        "brand": "Indian Oil"
      },
      "geometry": {
        "type": "Point",
        "coordinates": [
          77.3089366,
          28.6128656
        ]
      },
      "id": "node/5426403862"
    },
    {
      "type": "Feature",
      "properties": {
        "@id": "node/5426405563",
        "amenity": "fuel",
        "brand": "Hindustan Petroleum",
        "brand:wikidata": "Q1619375",
        "compressed_air": "yes",
        "name": "HP",
        "official_name": "Hindustan Petroleum"
      },
      "geometry": {
        "type": "Point",
        "coordinates": [
          77.2117736,
          28.5913884
        ]
      },
      "id": "node/5426405563"
    },
    {
      "type": "Feature",
      "properties": {
        "@id": "node/5426405564",
        "amenity": "fuel",
        "brand": "Indian Oil",
        "brand:wikidata": "Q1289348",
        "name": "Indian Oil",
        "toilets": "yes"
      },
      "geometry": {
        "type": "Point",
        "coordinates": [
          77.1721419,
          28.5843665
        ]
      },
      "id": "node/5426405564"
    },
    {
      "type": "Feature",
      "properties": {
        "@id": "node/5426405944",
        "amenity": "fuel",
        "brand": "Indian Oil",
        "brand:wikidata": "Q1289348",
        "compressed_air": "yes",
        "name": "Indian Oil",
        "opening_hours": "Mo-Su 06:00-23:00",
        "toilets": "yes"
      },
      "geometry": {
        "type": "Point",
        "coordinates": [
          77.2121034,
          28.5869597
        ]
      },
      "id": "node/5426405944"
    },
    {
      "type": "Feature",
      "properties": {
        "@id": "node/5426405945",
        "amenity": "fuel",
        "brand": "Indian Oil",
        "brand:wikidata": "Q1289348",
        "name": "Indian Oil"
      },
      "geometry": {
        "type": "Point",
        "coordinates": [
          77.1714396,
          28.587331
        ]
      },
      "id": "node/5426405945"
    },
    {
      "type": "Feature",
      "properties": {
        "@id": "node/5455131672",
        "amenity": "fuel",
        "brand": "Indian Oil",
        "brand:wikidata": "Q1289348",
        "fuel:diesel": "yes",
        "fuel:octane_95": "yes",
        "name": "Indian Oil"
      },
      "geometry": {
        "type": "Point",
        "coordinates": [
          77.2557271,
          28.5478307
        ]
      },
      "id": "node/5455131672"
    },
    {
      "type": "Feature",
      "properties": {
        "@id": "node/5455135435",
        "addr:city": "New Delhi",
        "addr:postcode": "110022",
        "addr:street": "Tamil Sangam Marg",
        "amenity": "fuel",
        "brand": "IGL",
        "brand:wikidata": "Q125553945",
        "fuel:cng": "yes",
        "name": "Indraprastha Gas Station",
        "operator": "Indraprastha Gas Limited",
        "self_service": "no"
      },
      "geometry": {
        "type": "Point",
        "coordinates": [
          77.1756357,
          28.5675278
        ]
      },
      "id": "node/5455135435"
    },
    {
      "type": "Feature",
      "properties": {
        "@id": "node/5455135884",
        "amenity": "fuel",
        "brand": "Hindustan Petroleum",
        "brand:wikidata": "Q1619375",
        "compressed_air": "yes",
        "name": "HP",
        "official_name": "Hindustan Petroleum",
        "opening_hours": "Mo-Su 08:00-23:00"
      },
      "geometry": {
        "type": "Point",
        "coordinates": [
          77.1887933,
          28.5673034
        ]
      },
      "id": "node/5455135884"
    },
    {
      "type": "Feature",
      "properties": {
        "@id": "node/5487860398",
        "amenity": "fuel",
        "name": "Adani CNG station"
      },
      "geometry": {
        "type": "Point",
        "coordinates": [
          77.3742263,
          28.4007547
        ]
      },
      "id": "node/5487860398"
    },
    {
      "type": "Feature",
      "properties": {
        "@id": "node/5490932093",
        "amenity": "fuel",
        "brand": "Indraprastha Gas Station"
      },
      "geometry": {
        "type": "Point",
        "coordinates": [
          77.1903825,
          28.5259072
        ]
      },
      "id": "node/5490932093"
    },
    {
      "type": "Feature",
      "properties": {
        "@id": "node/5517949830",
        "amenity": "fuel",
        "brand": "Hindustan Petroleum",
        "brand:wikidata": "Q1619375",
        "name": "HP",
        "official_name": "Hindustan Petroleum"
      },
      "geometry": {
        "type": "Point",
        "coordinates": [
          77.2068923,
          28.5567908
        ]
      },
      "id": "node/5517949830"
    },
    {
      "type": "Feature",
      "properties": {
        "@id": "node/5537643921",
        "amenity": "fuel",
        "check_date": "2026-03-20"
      },
      "geometry": {
        "type": "Point",
        "coordinates": [
          77.213419,
          28.6483622
        ]
      },
      "id": "node/5537643921"
    },
    {
      "type": "Feature",
      "properties": {
        "@id": "node/5554423623",
        "amenity": "fuel",
        "brand": "Hindustan Petroleum",
        "brand:wikidata": "Q1619375",
        "name": "HP",
        "official_name": "Hindustan Petroleum",
        "opening_hours": "24/7"
      },
      "geometry": {
        "type": "Point",
        "coordinates": [
          77.2641796,
          28.545849
        ]
      },
      "id": "node/5554423623"
    },
    {
      "type": "Feature",
      "properties": {
        "@id": "node/5554423624",
        "amenity": "fuel",
        "brand": "IGL",
        "brand:wikidata": "Q125553945",
        "name": "IGL"
      },
      "geometry": {
        "type": "Point",
        "coordinates": [
          77.2728188,
          28.5293861
        ]
      },
      "id": "node/5554423624"
    },
    {
      "type": "Feature",
      "properties": {
        "@id": "node/5554423817",
        "amenity": "fuel",
        "brand": "Hindustan Petroleum",
        "brand:wikidata": "Q1619375",
        "name": "HP",
        "official_name": "Hindustan Petroleum"
      },
      "geometry": {
        "type": "Point",
        "coordinates": [
          77.2726974,
          28.5292873
        ]
      },
      "id": "node/5554423817"
    },
    {
      "type": "Feature",
      "properties": {
        "@id": "node/5561733909",
        "amenity": "fuel",
        "brand": "Hindustan Petroleum",
        "brand:wikidata": "Q1619375",
        "name": "HP",
        "official_name": "Hindustan Petroleum"
      },
      "geometry": {
        "type": "Point",
        "coordinates": [
          77.3031081,
          28.495939
        ]
      },
      "id": "node/5561733909"
    },
    {
      "type": "Feature",
      "properties": {
        "@id": "node/5561733970",
        "amenity": "fuel",
        "brand": "Indian Oil",
        "brand:wikidata": "Q1289348",
        "name": "Indian Oil"
      },
      "geometry": {
        "type": "Point",
        "coordinates": [
          77.1746902,
          28.5776067
        ]
      },
      "id": "node/5561733970"
    },
    {
      "type": "Feature",
      "properties": {
        "@id": "node/5561733973",
        "amenity": "fuel",
        "brand": "Hindustan Petroleum"
      },
      "geometry": {
        "type": "Point",
        "coordinates": [
          77.2809102,
          28.5415844
        ]
      },
      "id": "node/5561733973"
    },
    {
      "type": "Feature",
      "properties": {
        "@id": "node/5561733975",
        "amenity": "fuel",
        "brand": "Hindustan Petroleum",
        "brand:wikidata": "Q1619375",
        "fuel:cng": "yes",
        "name": "HP",
        "official_name": "Hindustan Petroleum"
      },
      "geometry": {
        "type": "Point",
        "coordinates": [
          77.3035906,
          28.4945252
        ]
      },
      "id": "node/5561733975"
    },
    {
      "type": "Feature",
      "properties": {
        "@id": "node/5561734260",
        "amenity": "fuel",
        "brand": "Bharat Petroleum",
        "brand:wikidata": "Q854826",
        "name": "Bharat Petroleum"
      },
      "geometry": {
        "type": "Point",
        "coordinates": [
          77.2807203,
          28.503064
        ]
      },
      "id": "node/5561734260"
    },
    {
      "type": "Feature",
      "properties": {
        "@id": "node/5578382617",
        "amenity": "fuel",
        "brand": "IGL",
        "brand:wikidata": "Q125553945",
        "fuel:cng": "yes",
        "name": "IGL"
      },
      "geometry": {
        "type": "Point",
        "coordinates": [
          77.255391,
          28.5477136
        ]
      },
      "id": "node/5578382617"
    },
    {
      "type": "Feature",
      "properties": {
        "@id": "node/5592115723",
        "amenity": "fuel",
        "brand": "Indian Oil",
        "brand:wikidata": "Q1289348",
        "name": "Indian Oil"
      },
      "geometry": {
        "type": "Point",
        "coordinates": [
          77.1377586,
          28.5722409
        ]
      },
      "id": "node/5592115723"
    },
    {
      "type": "Feature",
      "properties": {
        "@id": "node/5604865251",
        "amenity": "fuel",
        "brand": "Indian Oil",
        "brand:wikidata": "Q1289348",
        "fixme": "It seems to have two Gas Station tag here. A local survey required to verify/remove the tags.",
        "name": "Indian Oil"
      },
      "geometry": {
        "type": "Point",
        "coordinates": [
          77.1220987,
          28.5450931
        ]
      },
      "id": "node/5604865251"
    },
    {
      "type": "Feature",
      "properties": {
        "@id": "node/5604865253",
        "amenity": "fuel",
        "brand": "Bharat Petroleum",
        "brand:wikidata": "Q854826",
        "name": "Bharat Petroleum"
      },
      "geometry": {
        "type": "Point",
        "coordinates": [
          77.0819917,
          28.5222272
        ]
      },
      "id": "node/5604865253"
    },
    {
      "type": "Feature",
      "properties": {
        "@id": "node/5637100896",
        "amenity": "fuel",
        "brand": "Bharat Petroleum",
        "brand:wikidata": "Q854826",
        "name": "Bharat Petroleum"
      },
      "geometry": {
        "type": "Point",
        "coordinates": [
          77.2258674,
          28.6415227
        ]
      },
      "id": "node/5637100896"
    },
    {
      "type": "Feature",
      "properties": {
        "@id": "node/5638613754",
        "amenity": "fuel"
      },
      "geometry": {
        "type": "Point",
        "coordinates": [
          77.1989094,
          28.6450079
        ]
      },
      "id": "node/5638613754"
    },
    {
      "type": "Feature",
      "properties": {
        "@id": "node/5694140128",
        "amenity": "charging_station"
      },
      "geometry": {
        "type": "Point",
        "coordinates": [
          77.228418,
          28.555381
        ]
      },
      "id": "node/5694140128"
    },
    {
      "type": "Feature",
      "properties": {
        "@id": "node/5716663174",
        "addr:city": "Rohtak",
        "addr:street": "Delhi bypass road",
        "amenity": "fuel",
        "brand": "Hindustan Petroleum",
        "brand:wikidata": "Q1619375",
        "name": "Hindustan Petroleum",
        "official_name": "Hindustan Petroleum"
      },
      "geometry": {
        "type": "Point",
        "coordinates": [
          76.618823,
          28.8920548
        ]
      },
      "id": "node/5716663174"
    },
    {
      "type": "Feature",
      "properties": {
        "@id": "node/5732544321",
        "amenity": "fuel",
        "brand": "Hindustan Petroleum",
        "brand:wikidata": "Q1619375",
        "check_date": "2026-03-20",
        "name": "HP",
        "official_name": "Hindustan Petroleum"
      },
      "geometry": {
        "type": "Point",
        "coordinates": [
          77.2413599,
          28.6378975
        ]
      },
      "id": "node/5732544321"
    },
    {
      "type": "Feature",
      "properties": {
        "@id": "node/5738752548",
        "amenity": "fuel",
        "brand": "Hindustan Petroleum",
        "brand:wikidata": "Q1619375",
        "name": "HP",
        "official_name": "Hindustan Petroleum"
      },
      "geometry": {
        "type": "Point",
        "coordinates": [
          77.1217165,
          28.5448893
        ]
      },
      "id": "node/5738752548"
    },
    {
      "type": "Feature",
      "properties": {
        "@id": "node/5738752561",
        "amenity": "fuel",
        "brand": "Indian Oil",
        "brand:wikidata": "Q1289348",
        "name": "Indian Oil"
      },
      "geometry": {
        "type": "Point",
        "coordinates": [
          77.1949192,
          28.569869
        ]
      },
      "id": "node/5738752561"
    },
    {
      "type": "Feature",
      "properties": {
        "@id": "node/5743508489",
        "amenity": "fuel",
        "brand": "Indian Oil",
        "brand:wikidata": "Q1289348",
        "name": "Indian Oil"
      },
      "geometry": {
        "type": "Point",
        "coordinates": [
          77.2201688,
          28.6673165
        ]
      },
      "id": "node/5743508489"
    },
    {
      "type": "Feature",
      "properties": {
        "@id": "node/5743508501",
        "amenity": "fuel",
        "brand": "Indraprastha Gas Limited",
        "fuel:cng": "yes"
      },
      "geometry": {
        "type": "Point",
        "coordinates": [
          77.2684268,
          28.6504266
        ]
      },
      "id": "node/5743508501"
    },
    {
      "type": "Feature",
      "properties": {
        "@id": "node/5743508846",
        "amenity": "fuel",
        "brand": "Indian Oil",
        "brand:wikidata": "Q1289348",
        "name": "Indian Oil"
      },
      "geometry": {
        "type": "Point",
        "coordinates": [
          77.3229443,
          28.6695451
        ]
      },
      "id": "node/5743508846"
    },
    {
      "type": "Feature",
      "properties": {
        "@id": "node/5743513100",
        "amenity": "fuel",
        "brand": "Hindustan Petroleum"
      },
      "geometry": {
        "type": "Point",
        "coordinates": [
          77.2524636,
          28.6726878
        ]
      },
      "id": "node/5743513100"
    },
    {
      "type": "Feature",
      "properties": {
        "@id": "node/5743513722",
        "amenity": "fuel",
        "brand": "Indian Oil"
      },
      "geometry": {
        "type": "Point",
        "coordinates": [
          77.3142748,
          28.6982941
        ]
      },
      "id": "node/5743513722"
    },
    {
      "type": "Feature",
      "properties": {
        "@id": "node/5743513773",
        "amenity": "fuel",
        "brand": "Indian Oil"
      },
      "geometry": {
        "type": "Point",
        "coordinates": [
          77.2901767,
          28.7013627
        ]
      },
      "id": "node/5743513773"
    },
    {
      "type": "Feature",
      "properties": {
        "@id": "node/5743513987",
        "amenity": "fuel",
        "brand": "Indian Oil"
      },
      "geometry": {
        "type": "Point",
        "coordinates": [
          77.2661792,
          28.7028995
        ]
      },
      "id": "node/5743513987"
    },
    {
      "type": "Feature",
      "properties": {
        "@id": "node/5743514395",
        "amenity": "fuel",
        "brand": "Hindustan Petroleum"
      },
      "geometry": {
        "type": "Point",
        "coordinates": [
          77.2528108,
          28.672626
        ]
      },
      "id": "node/5743514395"
    },
    {
      "type": "Feature",
      "properties": {
        "@id": "node/5758574006",
        "amenity": "fuel",
        "brand": "Bharat Petroleum",
        "brand:wikidata": "Q854826",
        "name": "Bharat Petroleum"
      },
      "geometry": {
        "type": "Point",
        "coordinates": [
          77.1764239,
          28.6425083
        ]
      },
      "id": "node/5758574006"
    },
    {
      "type": "Feature",
      "properties": {
        "@id": "node/5818158988",
        "amenity": "fuel",
        "brand": "Indian Oil"
      },
      "geometry": {
        "type": "Point",
        "coordinates": [
          77.1026607,
          28.6939117
        ]
      },
      "id": "node/5818158988"
    },
    {
      "type": "Feature",
      "properties": {
        "@id": "node/5818160627",
        "amenity": "fuel",
        "brand": "Bharat Petroleum",
        "brand:wikidata": "Q854826",
        "compressed_air": "yes",
        "name": "Bharat Petroleum"
      },
      "geometry": {
        "type": "Point",
        "coordinates": [
          77.1328536,
          28.5964555
        ]
      },
      "id": "node/5818160627"
    },
    {
      "type": "Feature",
      "properties": {
        "@id": "node/5818161006",
        "amenity": "fuel",
        "brand": "Bharat Petroleum"
      },
      "geometry": {
        "type": "Point",
        "coordinates": [
          77.0935355,
          28.6753107
        ]
      },
      "id": "node/5818161006"
    },
    {
      "type": "Feature",
      "properties": {
        "@id": "node/5818161051",
        "amenity": "fuel",
        "brand": "Hindustan Petroleum"
      },
      "geometry": {
        "type": "Point",
        "coordinates": [
          77.2880875,
          28.7017381
        ]
      },
      "id": "node/5818161051"
    },
    {
      "type": "Feature",
      "properties": {
        "@id": "node/5818161658",
        "amenity": "fuel",
        "brand": "Indian Oil"
      },
      "geometry": {
        "type": "Point",
        "coordinates": [
          77.3295261,
          28.6900515
        ]
      },
      "id": "node/5818161658"
    },
    {
      "type": "Feature",
      "properties": {
        "@id": "node/5848634712",
        "amenity": "fuel",
        "brand": "Indian Oil",
        "brand:wikidata": "Q1289348",
        "name": "Indian Oil"
      },
      "geometry": {
        "type": "Point",
        "coordinates": [
          77.1344134,
          28.6246306
        ]
      },
      "id": "node/5848634712"
    },
    {
      "type": "Feature",
      "properties": {
        "@id": "node/5848635226",
        "amenity": "fuel",
        "brand": "Indian Oil",
        "brand:wikidata": "Q1289348",
        "name": "Indian Oil"
      },
      "geometry": {
        "type": "Point",
        "coordinates": [
          77.1237821,
          28.653096
        ]
      },
      "id": "node/5848635226"
    },
    {
      "type": "Feature",
      "properties": {
        "@id": "node/5848637632",
        "amenity": "fuel",
        "brand": "Indian Oil",
        "brand:wikidata": "Q1289348",
        "name": "Indian Oil"
      },
      "geometry": {
        "type": "Point",
        "coordinates": [
          77.1299559,
          28.6392811
        ]
      },
      "id": "node/5848637632"
    },
    {
      "type": "Feature",
      "properties": {
        "@id": "node/5880869793",
        "amenity": "fuel",
        "brand": "Bharat Petroleum"
      },
      "geometry": {
        "type": "Point",
        "coordinates": [
          77.3139379,
          28.6256372
        ]
      },
      "id": "node/5880869793"
    },
    {
      "type": "Feature",
      "properties": {
        "@id": "node/5880870297",
        "amenity": "fuel",
        "brand": "Bharat Petroleum",
        "brand:wikidata": "Q854826",
        "name": "Bharat Petroleum"
      },
      "geometry": {
        "type": "Point",
        "coordinates": [
          77.3604505,
          28.636873
        ]
      },
      "id": "node/5880870297"
    },
    {
      "type": "Feature",
      "properties": {
        "@id": "node/5905574251",
        "amenity": "fuel",
        "building": "roof",
        "name": "Reliance",
        "source": "GPS"
      },
      "geometry": {
        "type": "Point",
        "coordinates": [
          77.1392257,
          28.8085664
        ]
      },
      "id": "node/5905574251"
    },
    {
      "type": "Feature",
      "properties": {
        "@id": "node/5950267738",
        "amenity": "fuel",
        "brand": "IGL",
        "brand:short": "IGL",
        "brand:wikidata": "Q125553945",
        "fuel:cng": "yes",
        "name": "IGL"
      },
      "geometry": {
        "type": "Point",
        "coordinates": [
          77.3216955,
          28.6292758
        ]
      },
      "id": "node/5950267738"
    },
    {
      "type": "Feature",
      "properties": {
        "@id": "node/5960810487",
        "amenity": "fuel"
      },
      "geometry": {
        "type": "Point",
        "coordinates": [
          77.220761,
          28.5345658
        ]
      },
      "id": "node/5960810487"
    },
    {
      "type": "Feature",
      "properties": {
        "@id": "node/6026792788",
        "amenity": "fuel"
      },
      "geometry": {
        "type": "Point",
        "coordinates": [
          76.8503255,
          28.2800306
        ]
      },
      "id": "node/6026792788"
    },
    {
      "type": "Feature",
      "properties": {
        "@id": "node/6071158915",
        "amenity": "fuel",
        "brand": "Bharat Petroleum",
        "brand:wikidata": "Q854826",
        "name": "Bharat Petroleum"
      },
      "geometry": {
        "type": "Point",
        "coordinates": [
          77.1030161,
          28.4824092
        ]
      },
      "id": "node/6071158915"
    },
    {
      "type": "Feature",
      "properties": {
        "@id": "node/6071159160",
        "amenity": "fuel",
        "brand": "Hindustan Petroleum"
      },
      "geometry": {
        "type": "Point",
        "coordinates": [
          77.0309357,
          28.472709
        ]
      },
      "id": "node/6071159160"
    },
    {
      "type": "Feature",
      "properties": {
        "@id": "node/6161686836",
        "amenity": "fuel",
        "brand": "Indian Oil",
        "brand:wikidata": "Q1289348",
        "compressed_air": "yes",
        "name": "Indian Oil"
      },
      "geometry": {
        "type": "Point",
        "coordinates": [
          77.2212509,
          28.6346388
        ]
      },
      "id": "node/6161686836"
    },
    {
      "type": "Feature",
      "properties": {
        "@id": "node/6198749876",
        "amenity": "fuel",
        "brand": "Indian Oil",
        "brand:wikidata": "Q1289348",
        "compressed_air": "yes",
        "name": "Indian Oil",
        "opening_hours": "Mo-Su,PH 00:00+"
      },
      "geometry": {
        "type": "Point",
        "coordinates": [
          77.2662529,
          28.5623487
        ]
      },
      "id": "node/6198749876"
    },
    {
      "type": "Feature",
      "properties": {
        "@id": "node/6198752459",
        "amenity": "fuel",
        "brand": "Hindustan Petroleum",
        "brand:wikidata": "Q1619375",
        "name": "HP",
        "official_name": "Hindustan Petroleum"
      },
      "geometry": {
        "type": "Point",
        "coordinates": [
          77.2652427,
          28.5623227
        ]
      },
      "id": "node/6198752459"
    },
    {
      "type": "Feature",
      "properties": {
        "@id": "node/6221536871",
        "amenity": "fuel",
        "brand": "HCG"
      },
      "geometry": {
        "type": "Point",
        "coordinates": [
          77.0396576,
          28.4502666
        ]
      },
      "id": "node/6221536871"
    },
    {
      "type": "Feature",
      "properties": {
        "@id": "node/6221553474",
        "amenity": "fuel",
        "brand": "Indian Oil",
        "brand:wikidata": "Q1289348",
        "name": "Indian Oil"
      },
      "geometry": {
        "type": "Point",
        "coordinates": [
          77.0394978,
          28.4501032
        ]
      },
      "id": "node/6221553474"
    },
    {
      "type": "Feature",
      "properties": {
        "@id": "node/6221554151",
        "amenity": "fuel",
        "brand": "HCG"
      },
      "geometry": {
        "type": "Point",
        "coordinates": [
          77.0466563,
          28.4562161
        ]
      },
      "id": "node/6221554151"
    },
    {
      "type": "Feature",
      "properties": {
        "@id": "node/6225478360",
        "amenity": "fuel",
        "brand": "Bharat Petroleum",
        "brand:short": "BP"
      },
      "geometry": {
        "type": "Point",
        "coordinates": [
          77.1112027,
          28.6307429
        ]
      },
      "id": "node/6225478360"
    },
    {
      "type": "Feature",
      "properties": {
        "@id": "node/6225480136",
        "amenity": "fuel",
        "brand": "Hindustan Petroleum",
        "brand:short": "HP",
        "brand:wikidata": "Q1619375",
        "name": "HP",
        "official_name": "Hindustan Petroleum"
      },
      "geometry": {
        "type": "Point",
        "coordinates": [
          77.145346,
          28.6418972
        ]
      },
      "id": "node/6225480136"
    },
    {
      "type": "Feature",
      "properties": {
        "@id": "node/6258194792",
        "amenity": "fuel",
        "brand": "Indian Oil"
      },
      "geometry": {
        "type": "Point",
        "coordinates": [
          77.1519609,
          28.6864539
        ]
      },
      "id": "node/6258194792"
    },
    {
      "type": "Feature",
      "properties": {
        "@id": "node/6258194793",
        "amenity": "fuel",
        "brand": "Indian Oil"
      },
      "geometry": {
        "type": "Point",
        "coordinates": [
          77.1928658,
          28.7027954
        ]
      },
      "id": "node/6258194793"
    },
    {
      "type": "Feature",
      "properties": {
        "@id": "node/6258194794",
        "amenity": "fuel",
        "brand": "Indraprastha Gas Limited",
        "brand:short": "IGL",
        "fuel:cng": "yes"
      },
      "geometry": {
        "type": "Point",
        "coordinates": [
          77.1852815,
          28.7065133
        ]
      },
      "id": "node/6258194794"
    },
    {
      "type": "Feature",
      "properties": {
        "@id": "node/6258194801",
        "amenity": "fuel",
        "brand": "Indraprastha Gas Limited",
        "fuel:cng": "yes"
      },
      "geometry": {
        "type": "Point",
        "coordinates": [
          77.1487473,
          28.6854999
        ]
      },
      "id": "node/6258194801"
    },
    {
      "type": "Feature",
      "properties": {
        "@id": "node/6258194810",
        "amenity": "fuel",
        "brand": "Indian Oil"
      },
      "geometry": {
        "type": "Point",
        "coordinates": [
          77.1925085,
          28.7029258
        ]
      },
      "id": "node/6258194810"
    },
    {
      "type": "Feature",
      "properties": {
        "@id": "node/6274317078",
        "amenity": "fuel",
        "brand": "Indian Oil",
        "brand:wikidata": "Q1289348",
        "name": "Indian Oil"
      },
      "geometry": {
        "type": "Point",
        "coordinates": [
          77.2901348,
          28.5380888
        ]
      },
      "id": "node/6274317078"
    },
    {
      "type": "Feature",
      "properties": {
        "@id": "node/6274317081",
        "amenity": "fuel",
        "brand": "Hindustan Petroleum",
        "narrow": "Hindustan Petroleum"
      },
      "geometry": {
        "type": "Point",
        "coordinates": [
          77.2916081,
          28.5387125
        ]
      },
      "id": "node/6274317081"
    },
    {
      "type": "Feature",
      "properties": {
        "@id": "node/6274319092",
        "amenity": "fuel",
        "brand": "Bharat Petroleum"
      },
      "geometry": {
        "type": "Point",
        "coordinates": [
          77.3235541,
          28.5558662
        ]
      },
      "id": "node/6274319092"
    },
    {
      "type": "Feature",
      "properties": {
        "@id": "node/6274736850",
        "amenity": "fuel",
        "brand": "Indian Oil",
        "brand:wikidata": "Q1289348",
        "name": "Indian Oil"
      },
      "geometry": {
        "type": "Point",
        "coordinates": [
          77.290492,
          28.5373249
        ]
      },
      "id": "node/6274736850"
    },
    {
      "type": "Feature",
      "properties": {
        "@id": "node/6349423459",
        "amenity": "fuel",
        "brand": "Indian Oil",
        "brand:wikidata": "Q1289348",
        "name": "Indian Oil"
      },
      "geometry": {
        "type": "Point",
        "coordinates": [
          77.2890164,
          28.5012251
        ]
      },
      "id": "node/6349423459"
    },
    {
      "type": "Feature",
      "properties": {
        "@id": "node/6349423471",
        "amenity": "fuel",
        "brand": "Indian Oil",
        "brand:wikidata": "Q1289348",
        "name": "Indian Oil"
      },
      "geometry": {
        "type": "Point",
        "coordinates": [
          77.2728158,
          28.5276359
        ]
      },
      "id": "node/6349423471"
    },
    {
      "type": "Feature",
      "properties": {
        "@id": "node/6361838540",
        "amenity": "fuel",
        "fuel:cng": "yes",
        "fuel:diesel": "no",
        "fuel:gasoline": "no"
      },
      "geometry": {
        "type": "Point",
        "coordinates": [
          76.9324879,
          28.3977915
        ]
      },
      "id": "node/6361838540"
    },
    {
      "type": "Feature",
      "properties": {
        "@id": "node/6361838541",
        "amenity": "fuel",
        "fuel:cng": "no",
        "fuel:diesel": "yes",
        "fuel:gasoline": "yes",
        "name": "HP Petrol Pump"
      },
      "geometry": {
        "type": "Point",
        "coordinates": [
          76.9333171,
          28.3961627
        ]
      },
      "id": "node/6361838541"
    },
    {
      "type": "Feature",
      "properties": {
        "@id": "node/6361838542",
        "amenity": "fuel",
        "brand": "HP",
        "name": "Vijay Petrol Pump"
      },
      "geometry": {
        "type": "Point",
        "coordinates": [
          76.9295248,
          28.3986252
        ]
      },
      "id": "node/6361838542"
    },
    {
      "type": "Feature",
      "properties": {
        "@id": "node/6361838543",
        "amenity": "fuel",
        "brand": "Indian Oil",
        "brand:wikidata": "Q1289348",
        "brand:wikipedia": "en:Indian Oil Corporation",
        "fuel:cng": "no",
        "fuel:diesel": "yes",
        "fuel:gasoline": "yes",
        "fuel:lpg": "no",
        "name": "Indian Oil",
        "operator": "Indian oil",
        "wheelchair": "yes"
      },
      "geometry": {
        "type": "Point",
        "coordinates": [
          76.9433734,
          28.4118064
        ]
      },
      "id": "node/6361838543"
    },
    {
      "type": "Feature",
      "properties": {
        "@id": "node/6361838544",
        "amenity": "fuel",
        "brand": "Essar",
        "fuel:cng": "no",
        "fuel:diesel": "yes",
        "fuel:gasoline": "yes",
        "fuel:lpg": "no",
        "name": "Essar Petrol Pump",
        "wheelchair": "limited"
      },
      "geometry": {
        "type": "Point",
        "coordinates": [
          76.9413832,
          28.4053509
        ]
      },
      "id": "node/6361838544"
    },
    {
      "type": "Feature",
      "properties": {
        "@id": "node/6362098884",
        "amenity": "fuel",
        "brand": "Indraprastha Gas",
        "fuel:cng": "yes"
      },
      "geometry": {
        "type": "Point",
        "coordinates": [
          77.2485296,
          28.6184777
        ]
      },
      "id": "node/6362098884"
    },
    {
      "type": "Feature",
      "properties": {
        "@id": "node/6362099785",
        "amenity": "fuel",
        "brand": "Indian Oil",
        "brand:wikidata": "Q1289348",
        "name": "Indian Oil"
      },
      "geometry": {
        "type": "Point",
        "coordinates": [
          77.2487546,
          28.617889
        ]
      },
      "id": "node/6362099785"
    },
    {
      "type": "Feature",
      "properties": {
        "@id": "node/6362607176",
        "amenity": "fuel",
        "brand": "Indraprastha Gas",
        "fuel:cng": "yes",
        "opening_hours": "24/7"
      },
      "geometry": {
        "type": "Point",
        "coordinates": [
          77.2528266,
          28.608699
        ]
      },
      "id": "node/6362607176"
    },
    {
      "type": "Feature",
      "properties": {
        "@id": "node/6371764318",
        "amenity": "fuel",
        "brand": "Bharat Petroleum",
        "brand:wikidata": "Q854826",
        "name": "Bharat Petroleum"
      },
      "geometry": {
        "type": "Point",
        "coordinates": [
          77.2459159,
          28.5894992
        ]
      },
      "id": "node/6371764318"
    },
    {
      "type": "Feature",
      "properties": {
        "@id": "node/6385598136",
        "amenity": "fuel",
        "brand": "Indian Oil",
        "brand:wikidata": "Q1289348",
        "name": "Indian Oil"
      },
      "geometry": {
        "type": "Point",
        "coordinates": [
          77.1561668,
          28.6523726
        ]
      },
      "id": "node/6385598136"
    },
    {
      "type": "Feature",
      "properties": {
        "@id": "node/6387101885",
        "amenity": "fuel",
        "brand": "Indian Oil",
        "check_date": "2019-05-25",
        "fuel:cng": "yes"
      },
      "geometry": {
        "type": "Point",
        "coordinates": [
          77.0945362,
          28.9522081
        ]
      },
      "id": "node/6387101885"
    },
    {
      "type": "Feature",
      "properties": {
        "@id": "node/6387936520",
        "amenity": "fuel"
      },
      "geometry": {
        "type": "Point",
        "coordinates": [
          76.5006566,
          28.0576752
        ]
      },
      "id": "node/6387936520"
    },
    {
      "type": "Feature",
      "properties": {
        "@id": "node/6395753677",
        "amenity": "fuel",
        "brand": "Indian Oil"
      },
      "geometry": {
        "type": "Point",
        "coordinates": [
          77.3095019,
          28.6130043
        ]
      },
      "id": "node/6395753677"
    },
    {
      "type": "Feature",
      "properties": {
        "@id": "node/6403726700",
        "amenity": "fuel",
        "fuel:cng": "yes",
        "fuel:diesel": "yes",
        "fuel:petrol": "yes",
        "name": "HP PETROL PUMP",
        "operator": "HP"
      },
      "geometry": {
        "type": "Point",
        "coordinates": [
          77.291325,
          28.6752663
        ]
      },
      "id": "node/6403726700"
    },
    {
      "type": "Feature",
      "properties": {
        "@id": "node/6404118987",
        "amenity": "charging_station",
        "capacity": "1",
        "operator": "Energy Efficiency Services Limited (EESL)"
      },
      "geometry": {
        "type": "Point",
        "coordinates": [
          77.2219946,
          28.6336834
        ]
      },
      "id": "node/6404118987"
    },
    {
      "type": "Feature",
      "properties": {
        "@id": "node/6404118988",
        "amenity": "charging_station",
        "brand": "Ather",
        "capacity": "2",
        "level": "0",
        "operator": "Energy Efficiency Services Limited (EESL)"
      },
      "geometry": {
        "type": "Point",
        "coordinates": [
          77.2218243,
          28.6336147
        ]
      },
      "id": "node/6404118988"
    },
    {
      "type": "Feature",
      "properties": {
        "@id": "node/6411571292",
        "amenity": "fuel",
        "brand": "Indraprastha Gas",
        "fuel:cng": "yes"
      },
      "geometry": {
        "type": "Point",
        "coordinates": [
          77.1878285,
          28.4869358
        ]
      },
      "id": "node/6411571292"
    },
    {
      "type": "Feature",
      "properties": {
        "@id": "node/6490310070",
        "amenity": "fuel",
        "brand": "Bharat Petroleum",
        "brand:wikidata": "Q854826",
        "name": "Bharat Petroleum"
      },
      "geometry": {
        "type": "Point",
        "coordinates": [
          77.2334702,
          28.5266976
        ]
      },
      "id": "node/6490310070"
    },
    {
      "type": "Feature",
      "properties": {
        "@id": "node/6498242795",
        "amenity": "fuel",
        "brand": "Hindustan Petroleum",
        "brand:wikidata": "Q1619375",
        "name": "HP Petrol Pump",
        "official_name": "Hindustan Petroleum",
        "self_service": "no"
      },
      "geometry": {
        "type": "Point",
        "coordinates": [
          77.3437213,
          28.5967424
        ]
      },
      "id": "node/6498242795"
    },
    {
      "type": "Feature",
      "properties": {
        "@id": "node/6498242797",
        "amenity": "fuel",
        "brand": "IGL",
        "brand:wikidata": "Q125553945",
        "fuel:cng": "yes",
        "name": "IGL"
      },
      "geometry": {
        "type": "Point",
        "coordinates": [
          77.3726805,
          28.5960084
        ]
      },
      "id": "node/6498242797"
    },
    {
      "type": "Feature",
      "properties": {
        "@id": "node/6498242803",
        "amenity": "fuel",
        "brand": "Hindustan Petroleum",
        "brand:wikidata": "Q1619375",
        "name": "HP",
        "official_name": "Hindustan Petroleum"
      },
      "geometry": {
        "type": "Point",
        "coordinates": [
          77.3727869,
          28.595384
        ]
      },
      "id": "node/6498242803"
    },
    {
      "type": "Feature",
      "properties": {
        "@id": "node/6499063500",
        "amenity": "fuel",
        "brand": "Indraprastha Gas Limited",
        "fuel:cng": "yes"
      },
      "geometry": {
        "type": "Point",
        "coordinates": [
          77.2564926,
          28.6401874
        ]
      },
      "id": "node/6499063500"
    },
    {
      "type": "Feature",
      "properties": {
        "@id": "node/6499067906",
        "amenity": "fuel",
        "brand": "Indraprastha Gas Limited",
        "fuel:cng": "yes"
      },
      "geometry": {
        "type": "Point",
        "coordinates": [
          77.2171553,
          28.7210617
        ]
      },
      "id": "node/6499067906"
    },
    {
      "type": "Feature",
      "properties": {
        "@id": "node/6502481386",
        "amenity": "fuel",
        "brand": "Hindustan Petroleum"
      },
      "geometry": {
        "type": "Point",
        "coordinates": [
          77.0829574,
          28.9930909
        ]
      },
      "id": "node/6502481386"
    },
    {
      "type": "Feature",
      "properties": {
        "@id": "node/6507350891",
        "amenity": "fuel",
        "brand": "Indian Oil",
        "brand:wikidata": "Q1289348",
        "name": "Indian Oil"
      },
      "geometry": {
        "type": "Point",
        "coordinates": [
          77.1960191,
          28.657125
        ]
      },
      "id": "node/6507350891"
    },
    {
      "type": "Feature",
      "properties": {
        "@id": "node/6562168075",
        "amenity": "charging_station"
      },
      "geometry": {
        "type": "Point",
        "coordinates": [
          77.099711,
          28.9311189
        ]
      },
      "id": "node/6562168075"
    },
    {
      "type": "Feature",
      "properties": {
        "@id": "node/6761961056",
        "amenity": "charging_station",
        "capacity": "1"
      },
      "geometry": {
        "type": "Point",
        "coordinates": [
          77.2202799,
          28.6341092
        ]
      },
      "id": "node/6761961056"
    },
    {
      "type": "Feature",
      "properties": {
        "@id": "node/6761961057",
        "amenity": "charging_station",
        "capacity": "1",
        "check_date": "2026-03-14",
        "operator": "Energy Efficiency Services Limited (EESL)"
      },
      "geometry": {
        "type": "Point",
        "coordinates": [
          77.2208339,
          28.633798
        ]
      },
      "id": "node/6761961057"
    },
    {
      "type": "Feature",
      "properties": {
        "@id": "node/6853557714",
        "amenity": "fuel",
        "brand": "Bharat Petroleum",
        "brand:wikidata": "Q854826",
        "name": "Bharat Petroleum"
      },
      "geometry": {
        "type": "Point",
        "coordinates": [
          77.2219434,
          28.5690063
        ]
      },
      "id": "node/6853557714"
    },
    {
      "type": "Feature",
      "properties": {
        "@id": "node/6918479540",
        "amenity": "charging_station"
      },
      "geometry": {
        "type": "Point",
        "coordinates": [
          77.2203893,
          28.5854347
        ]
      },
      "id": "node/6918479540"
    },
    {
      "type": "Feature",
      "properties": {
        "@id": "node/6918479558",
        "amenity": "charging_station"
      },
      "geometry": {
        "type": "Point",
        "coordinates": [
          77.2120476,
          28.587056
        ]
      },
      "id": "node/6918479558"
    },
    {
      "type": "Feature",
      "properties": {
        "@id": "node/6961442929",
        "amenity": "charging_station"
      },
      "geometry": {
        "type": "Point",
        "coordinates": [
          77.1934263,
          28.5865591
        ]
      },
      "id": "node/6961442929"
    },
    {
      "type": "Feature",
      "properties": {
        "@id": "node/6961442948",
        "amenity": "fuel",
        "brand": "Hindustan Petroleum",
        "brand:wikidata": "Q1619375",
        "name": "Angra HP Centre",
        "official_name": "Hindustan Petroleum"
      },
      "geometry": {
        "type": "Point",
        "coordinates": [
          77.1960832,
          28.5908405
        ]
      },
      "id": "node/6961442948"
    },
    {
      "type": "Feature",
      "properties": {
        "@id": "node/6961442954",
        "amenity": "charging_station"
      },
      "geometry": {
        "type": "Point",
        "coordinates": [
          77.1934058,
          28.5866112
        ]
      },
      "id": "node/6961442954"
    },
    {
      "type": "Feature",
      "properties": {
        "@id": "node/6988161557",
        "amenity": "charging_station"
      },
      "geometry": {
        "type": "Point",
        "coordinates": [
          77.2206422,
          28.6342608
        ]
      },
      "id": "node/6988161557"
    },
    {
      "type": "Feature",
      "properties": {
        "@id": "node/6988161559",
        "amenity": "charging_station"
      },
      "geometry": {
        "type": "Point",
        "coordinates": [
          77.2209612,
          28.634276
        ]
      },
      "id": "node/6988161559"
    },
    {
      "type": "Feature",
      "properties": {
        "@id": "node/7041699692",
        "amenity": "fuel",
        "brand": "Indian Oil",
        "brand:wikidata": "Q1289348",
        "name": "Indian Oil"
      },
      "geometry": {
        "type": "Point",
        "coordinates": [
          77.3256559,
          28.5681163
        ]
      },
      "id": "node/7041699692"
    },
    {
      "type": "Feature",
      "properties": {
        "@id": "node/7083796927",
        "amenity": "charging_station"
      },
      "geometry": {
        "type": "Point",
        "coordinates": [
          77.2197325,
          28.6350123
        ]
      },
      "id": "node/7083796927"
    },
    {
      "type": "Feature",
      "properties": {
        "@id": "node/7083916144",
        "amenity": "charging_station",
        "capacity": "1",
        "operator": "EESL"
      },
      "geometry": {
        "type": "Point",
        "coordinates": [
          77.217651,
          28.6341151
        ]
      },
      "id": "node/7083916144"
    },
    {
      "type": "Feature",
      "properties": {
        "@id": "node/7183720712",
        "amenity": "fuel",
        "brand": "Bharat Petroleum",
        "brand:wikidata": "Q854826",
        "compressed_air": "yes",
        "name": "Prem Service Station",
        "opening_hours": "Mo-Su,PH 06:00-12:00+",
        "self_service": "no"
      },
      "geometry": {
        "type": "Point",
        "coordinates": [
          77.2321119,
          28.562966
        ]
      },
      "id": "node/7183720712"
    },
    {
      "type": "Feature",
      "properties": {
        "@id": "node/7187209567",
        "amenity": "fuel",
        "brand": "Indian Oil",
        "brand:wikidata": "Q1289348",
        "compressed_air": "yes",
        "fuel:cng": "yes",
        "name": "Indian Oil"
      },
      "geometry": {
        "type": "Point",
        "coordinates": [
          77.1776294,
          28.5647065
        ]
      },
      "id": "node/7187209567"
    },
    {
      "type": "Feature",
      "properties": {
        "@id": "node/7274257107",
        "amenity": "charging_station",
        "capacity": "1"
      },
      "geometry": {
        "type": "Point",
        "coordinates": [
          77.2228545,
          28.6327684
        ]
      },
      "id": "node/7274257107"
    },
    {
      "type": "Feature",
      "properties": {
        "@id": "node/7387205059",
        "amenity": "charging_station",
        "name": "FCS"
      },
      "geometry": {
        "type": "Point",
        "coordinates": [
          77.3739552,
          28.6680488
        ]
      },
      "id": "node/7387205059"
    },
    {
      "type": "Feature",
      "properties": {
        "@id": "node/7387324503",
        "amenity": "charging_station",
        "capacity": "20",
        "name": "FCS -2",
        "operator": "AB"
      },
      "geometry": {
        "type": "Point",
        "coordinates": [
          77.3792992,
          28.6699882
        ]
      },
      "id": "node/7387324503"
    },
    {
      "type": "Feature",
      "properties": {
        "@id": "node/7387335133",
        "amenity": "charging_station",
        "name": "FCS"
      },
      "geometry": {
        "type": "Point",
        "coordinates": [
          77.3716593,
          28.6669889
        ]
      },
      "id": "node/7387335133"
    },
    {
      "type": "Feature",
      "properties": {
        "@id": "node/7570518867",
        "addr:city": "GREATER NOIDA",
        "addr:housenumber": "BISRAKH",
        "amenity": "charging_station",
        "brand": "AB FAST CHARGING",
        "name": "BISRAKH FCS",
        "operator": "AB"
      },
      "geometry": {
        "type": "Point",
        "coordinates": [
          77.4453156,
          28.5747161
        ]
      },
      "id": "node/7570518867"
    },
    {
      "type": "Feature",
      "properties": {
        "@id": "node/7572304299",
        "amenity": "charging_station",
        "name": "BOTANICAL FCS"
      },
      "geometry": {
        "type": "Point",
        "coordinates": [
          77.3343937,
          28.5651948
        ]
      },
      "id": "node/7572304299"
    },
    {
      "type": "Feature",
      "properties": {
        "@id": "node/8124057196",
        "addr:postcode": "110021",
        "addr:street": "Niti Marg",
        "amenity": "fuel",
        "brand": "Hindustan Petroleum",
        "brand:wikidata": "Q1619375",
        "brand:wikipedia": "en:Hindustan Petroleum",
        "fuel:diesel": "yes",
        "fuel:petrol": "yes",
        "name": "HP COCO Fuel Station",
        "official_name": "Hindustan Petroleum",
        "operator": "HPCL",
        "self_service": "no"
      },
      "geometry": {
        "type": "Point",
        "coordinates": [
          77.1958058,
          28.5996071
        ]
      },
      "id": "node/8124057196"
    },
    {
      "type": "Feature",
      "properties": {
        "@id": "node/8308351153",
        "amenity": "fuel"
      },
      "geometry": {
        "type": "Point",
        "coordinates": [
          77.061842,
          28.9224985
        ]
      },
      "id": "node/8308351153"
    },
    {
      "type": "Feature",
      "properties": {
        "@id": "node/8308353359",
        "amenity": "fuel"
      },
      "geometry": {
        "type": "Point",
        "coordinates": [
          77.0376199,
          28.9924116
        ]
      },
      "id": "node/8308353359"
    },
    {
      "type": "Feature",
      "properties": {
        "@id": "node/8929322162",
        "amenity": "fuel",
        "brand": "Indian Oil",
        "brand:wikidata": "Q1289348",
        "name": "Indian Oil Petrol Station"
      },
      "geometry": {
        "type": "Point",
        "coordinates": [
          77.3124225,
          28.6292981
        ]
      },
      "id": "node/8929322162"
    },
    {
      "type": "Feature",
      "properties": {
        "@id": "node/8932452898",
        "amenity": "fuel"
      },
      "geometry": {
        "type": "Point",
        "coordinates": [
          76.6023804,
          28.8359305
        ]
      },
      "id": "node/8932452898"
    },
    {
      "type": "Feature",
      "properties": {
        "@id": "node/8932489765",
        "amenity": "fuel",
        "brand": "Indian Oil"
      },
      "geometry": {
        "type": "Point",
        "coordinates": [
          76.6161482,
          28.7944492
        ]
      },
      "id": "node/8932489765"
    },
    {
      "type": "Feature",
      "properties": {
        "@id": "node/8932511168",
        "amenity": "fuel",
        "brand": "Indian Oil",
        "opening_hours": "24/7"
      },
      "geometry": {
        "type": "Point",
        "coordinates": [
          76.630463,
          28.7305032
        ]
      },
      "id": "node/8932511168"
    },
    {
      "type": "Feature",
      "properties": {
        "@id": "node/8932531966",
        "amenity": "fuel",
        "brand": "Bharat Petroleum",
        "name": "Raghav Fuels"
      },
      "geometry": {
        "type": "Point",
        "coordinates": [
          76.6328291,
          28.7113237
        ]
      },
      "id": "node/8932531966"
    },
    {
      "type": "Feature",
      "properties": {
        "@id": "node/8932547734",
        "amenity": "fuel",
        "brand": "Indian Oil"
      },
      "geometry": {
        "type": "Point",
        "coordinates": [
          76.6365128,
          28.677083
        ]
      },
      "id": "node/8932547734"
    },
    {
      "type": "Feature",
      "properties": {
        "@id": "node/8932547735",
        "amenity": "fuel",
        "brand": "Hindustan Petroleum",
        "self_service": "no"
      },
      "geometry": {
        "type": "Point",
        "coordinates": [
          76.6375906,
          28.6688804
        ]
      },
      "id": "node/8932547735"
    },
    {
      "type": "Feature",
      "properties": {
        "@id": "node/8932778916",
        "amenity": "fuel",
        "brand": "Bharat Petroleum"
      },
      "geometry": {
        "type": "Point",
        "coordinates": [
          76.9232602,
          28.4226382
        ]
      },
      "id": "node/8932778916"
    },
    {
      "type": "Feature",
      "properties": {
        "@id": "node/8932796218",
        "amenity": "fuel",
        "brand": "Indian Oil"
      },
      "geometry": {
        "type": "Point",
        "coordinates": [
          76.9303964,
          28.4241448
        ]
      },
      "id": "node/8932796218"
    },
    {
      "type": "Feature",
      "properties": {
        "@id": "node/8932822873",
        "amenity": "fuel",
        "brand": "Hindustan Petroleum",
        "brand:wikidata": "Q1619375",
        "name": "Boxer Fuel Point",
        "official_name": "Hindustan Petroleum"
      },
      "geometry": {
        "type": "Point",
        "coordinates": [
          76.9871368,
          28.4439551
        ]
      },
      "id": "node/8932822873"
    },
    {
      "type": "Feature",
      "properties": {
        "@id": "node/8932842239",
        "amenity": "fuel",
        "brand": "Indian Oil",
        "brand:wikidata": "Q1289348",
        "name": "Indian Oil",
        "opening_hours": "24/7"
      },
      "geometry": {
        "type": "Point",
        "coordinates": [
          76.9994329,
          28.4495738
        ]
      },
      "id": "node/8932842239"
    },
    {
      "type": "Feature",
      "properties": {
        "@id": "node/8932878683",
        "amenity": "fuel",
        "brand": "HCG",
        "fuel:cng": "yes"
      },
      "geometry": {
        "type": "Point",
        "coordinates": [
          77.0471274,
          28.4580532
        ]
      },
      "id": "node/8932878683"
    },
    {
      "type": "Feature",
      "properties": {
        "@id": "node/8932926096",
        "amenity": "fuel",
        "brand": "Hindustan Petroleum",
        "brand:wikidata": "Q1619375",
        "name": "HP",
        "official_name": "Hindustan Petroleum"
      },
      "geometry": {
        "type": "Point",
        "coordinates": [
          77.1167934,
          28.5407957
        ]
      },
      "id": "node/8932926096"
    },
    {
      "type": "Feature",
      "properties": {
        "@id": "node/8948790096",
        "amenity": "charging_station",
        "name": "Plug N Go"
      },
      "geometry": {
        "type": "Point",
        "coordinates": [
          77.2936333,
          28.6214714
        ]
      },
      "id": "node/8948790096"
    },
    {
      "type": "Feature",
      "properties": {
        "@id": "node/8985517002",
        "amenity": "fuel"
      },
      "geometry": {
        "type": "Point",
        "coordinates": [
          77.188526,
          28.6781383
        ]
      },
      "id": "node/8985517002"
    },
    {
      "type": "Feature",
      "properties": {
        "@id": "node/9048339562",
        "amenity": "fuel",
        "brand": "Bharat Petroleum",
        "brand:wikidata": "Q854826",
        "name": "Bharat Petroleum"
      },
      "geometry": {
        "type": "Point",
        "coordinates": [
          77.2338061,
          28.6417754
        ]
      },
      "id": "node/9048339562"
    },
    {
      "type": "Feature",
      "properties": {
        "@id": "node/9104747115",
        "amenity": "charging_station"
      },
      "geometry": {
        "type": "Point",
        "coordinates": [
          77.2137728,
          28.5288838
        ]
      },
      "id": "node/9104747115"
    },
    {
      "type": "Feature",
      "properties": {
        "@id": "node/9105396079",
        "amenity": "fuel",
        "brand": "Indian Oil",
        "brand:wikidata": "Q1289348",
        "name": "Indian Oil"
      },
      "geometry": {
        "type": "Point",
        "coordinates": [
          77.1435129,
          28.7258907
        ]
      },
      "id": "node/9105396079"
    },
    {
      "type": "Feature",
      "properties": {
        "@id": "node/9221656001",
        "amenity": "fuel",
        "brand": "Indraprastha Gas Limited",
        "fuel:cng": "yes"
      },
      "geometry": {
        "type": "Point",
        "coordinates": [
          77.3112121,
          28.6230435
        ]
      },
      "id": "node/9221656001"
    },
    {
      "type": "Feature",
      "properties": {
        "@id": "node/9237403818",
        "amenity": "charging_station"
      },
      "geometry": {
        "type": "Point",
        "coordinates": [
          77.2233578,
          28.630944
        ]
      },
      "id": "node/9237403818"
    },
    {
      "type": "Feature",
      "properties": {
        "@id": "node/9237403820",
        "amenity": "charging_station"
      },
      "geometry": {
        "type": "Point",
        "coordinates": [
          77.2230955,
          28.6310563
        ]
      },
      "id": "node/9237403820"
    },
    {
      "type": "Feature",
      "properties": {
        "@id": "node/9252212812",
        "amenity": "fuel",
        "name": "WSA_P6"
      },
      "geometry": {
        "type": "Point",
        "coordinates": [
          77.1571636,
          28.156233
        ]
      },
      "id": "node/9252212812"
    },
    {
      "type": "Feature",
      "properties": {
        "@id": "node/9252343071",
        "amenity": "fuel",
        "name": "WSA_19+500_Type-2_RHS"
      },
      "geometry": {
        "type": "Point",
        "coordinates": [
          77.1488432,
          28.1637954
        ]
      },
      "id": "node/9252343071"
    },
    {
      "type": "Feature",
      "properties": {
        "@id": "node/9684753376",
        "amenity": "charging_station"
      },
      "geometry": {
        "type": "Point",
        "coordinates": [
          77.1977963,
          28.6040475
        ]
      },
      "id": "node/9684753376"
    },
    {
      "type": "Feature",
      "properties": {
        "@id": "node/9684753377",
        "amenity": "charging_station"
      },
      "geometry": {
        "type": "Point",
        "coordinates": [
          77.1977808,
          28.6040394
        ]
      },
      "id": "node/9684753377"
    },
    {
      "type": "Feature",
      "properties": {
        "@id": "node/9684753378",
        "amenity": "charging_station"
      },
      "geometry": {
        "type": "Point",
        "coordinates": [
          77.1977661,
          28.6040316
        ]
      },
      "id": "node/9684753378"
    },
    {
      "type": "Feature",
      "properties": {
        "@id": "node/9739382793",
        "amenity": "charging_station"
      },
      "geometry": {
        "type": "Point",
        "coordinates": [
          77.2547221,
          28.5483686
        ]
      },
      "id": "node/9739382793"
    },
    {
      "type": "Feature",
      "properties": {
        "@id": "node/9739382794",
        "amenity": "charging_station"
      },
      "geometry": {
        "type": "Point",
        "coordinates": [
          77.2545695,
          28.5482674
        ]
      },
      "id": "node/9739382794"
    },
    {
      "type": "Feature",
      "properties": {
        "@id": "node/9739382795",
        "amenity": "charging_station"
      },
      "geometry": {
        "type": "Point",
        "coordinates": [
          77.2547099,
          28.5483966
        ]
      },
      "id": "node/9739382795"
    },
    {
      "type": "Feature",
      "properties": {
        "@id": "node/9868227337",
        "amenity": "fuel",
        "brand": "Bharat Petroleum",
        "brand:wikidata": "Q854826",
        "name": "Bharat Petroleum"
      },
      "geometry": {
        "type": "Point",
        "coordinates": [
          77.226134,
          28.6709608
        ]
      },
      "id": "node/9868227337"
    },
    {
      "type": "Feature",
      "properties": {
        "@id": "node/9868261347",
        "amenity": "fuel",
        "brand": "Hindustan Petroleum",
        "brand:wikidata": "Q1619375",
        "name": "Hindustan Petroleum",
        "official_name": "Hindustan Petroleum"
      },
      "geometry": {
        "type": "Point",
        "coordinates": [
          77.2263858,
          28.6700559
        ]
      },
      "id": "node/9868261347"
    },
    {
      "type": "Feature",
      "properties": {
        "@id": "node/9952802373",
        "amenity": "charging_station",
        "covered": "yes",
        "operator": "ElectriVa"
      },
      "geometry": {
        "type": "Point",
        "coordinates": [
          77.1884585,
          28.5692695
        ]
      },
      "id": "node/9952802373"
    },
    {
      "type": "Feature",
      "properties": {
        "@id": "node/9952802374",
        "amenity": "charging_station",
        "covered": "yes",
        "operator": "ElectriVa"
      },
      "geometry": {
        "type": "Point",
        "coordinates": [
          77.1883649,
          28.5692799
        ]
      },
      "id": "node/9952802374"
    },
    {
      "type": "Feature",
      "properties": {
        "@id": "node/10008994593",
        "amenity": "charging_station"
      },
      "geometry": {
        "type": "Point",
        "coordinates": [
          77.290246,
          28.622372
        ]
      },
      "id": "node/10008994593"
    },
    {
      "type": "Feature",
      "properties": {
        "@id": "node/10008994594",
        "amenity": "charging_station"
      },
      "geometry": {
        "type": "Point",
        "coordinates": [
          77.2902508,
          28.6223602
        ]
      },
      "id": "node/10008994594"
    },
    {
      "type": "Feature",
      "properties": {
        "@id": "node/10089151842",
        "amenity": "charging_station",
        "capacity": "4",
        "covered": "yes",
        "operator": "ElectriVa"
      },
      "geometry": {
        "type": "Point",
        "coordinates": [
          77.2219126,
          28.5426954
        ]
      },
      "id": "node/10089151842"
    },
    {
      "type": "Feature",
      "properties": {
        "@id": "node/10240014908",
        "amenity": "charging_station"
      },
      "geometry": {
        "type": "Point",
        "coordinates": [
          77.2234733,
          28.633573
        ]
      },
      "id": "node/10240014908"
    },
    {
      "type": "Feature",
      "properties": {
        "@id": "node/10241768254",
        "amenity": "charging_station"
      },
      "geometry": {
        "type": "Point",
        "coordinates": [
          77.2201483,
          28.5903206
        ]
      },
      "id": "node/10241768254"
    },
    {
      "type": "Feature",
      "properties": {
        "@id": "node/10241775591",
        "amenity": "charging_station"
      },
      "geometry": {
        "type": "Point",
        "coordinates": [
          77.2197587,
          28.5902808
        ]
      },
      "id": "node/10241775591"
    },
    {
      "type": "Feature",
      "properties": {
        "@id": "node/10241805232",
        "amenity": "charging_station"
      },
      "geometry": {
        "type": "Point",
        "coordinates": [
          77.2201225,
          28.5903207
        ]
      },
      "id": "node/10241805232"
    },
    {
      "type": "Feature",
      "properties": {
        "@id": "node/10241808063",
        "amenity": "charging_station"
      },
      "geometry": {
        "type": "Point",
        "coordinates": [
          77.2199561,
          28.5903054
        ]
      },
      "id": "node/10241808063"
    },
    {
      "type": "Feature",
      "properties": {
        "@id": "node/10273662432",
        "amenity": "fuel",
        "brand": "Hindustan Petroleum",
        "brand:wikidata": "Q1619375",
        "compressed_air": "yes",
        "name": "HP",
        "official_name": "Hindustan Petroleum"
      },
      "geometry": {
        "type": "Point",
        "coordinates": [
          77.2466782,
          28.5891733
        ]
      },
      "id": "node/10273662432"
    },
    {
      "type": "Feature",
      "properties": {
        "@id": "node/10564130631",
        "amenity": "charging_station"
      },
      "geometry": {
        "type": "Point",
        "coordinates": [
          77.2267809,
          28.6003513
        ]
      },
      "id": "node/10564130631"
    },
    {
      "type": "Feature",
      "properties": {
        "@id": "node/10576228241",
        "access": "yes",
        "amenity": "charging_station",
        "covered": "yes"
      },
      "geometry": {
        "type": "Point",
        "coordinates": [
          77.2229085,
          28.596925
        ]
      },
      "id": "node/10576228241"
    },
    {
      "type": "Feature",
      "properties": {
        "@id": "node/10593602327",
        "amenity": "charging_station"
      },
      "geometry": {
        "type": "Point",
        "coordinates": [
          77.0392065,
          28.4188726
        ]
      },
      "id": "node/10593602327"
    },
    {
      "type": "Feature",
      "properties": {
        "@id": "node/10694475398",
        "amenity": "fuel"
      },
      "geometry": {
        "type": "Point",
        "coordinates": [
          77.2675893,
          28.5605303
        ]
      },
      "id": "node/10694475398"
    },
    {
      "type": "Feature",
      "properties": {
        "@id": "node/10694479767",
        "amenity": "charging_station",
        "capacity": "2"
      },
      "geometry": {
        "type": "Point",
        "coordinates": [
          77.2647745,
          28.563383
        ]
      },
      "id": "node/10694479767"
    },
    {
      "type": "Feature",
      "properties": {
        "@id": "node/10694515276",
        "amenity": "fuel",
        "brand": "Bharat Petroleum",
        "name": "Bharat Petroleum"
      },
      "geometry": {
        "type": "Point",
        "coordinates": [
          77.2910803,
          28.5376366
        ]
      },
      "id": "node/10694515276"
    },
    {
      "type": "Feature",
      "properties": {
        "@id": "node/10703875766",
        "amenity": "charging_station"
      },
      "geometry": {
        "type": "Point",
        "coordinates": [
          77.1628441,
          28.7263595
        ]
      },
      "id": "node/10703875766"
    },
    {
      "type": "Feature",
      "properties": {
        "@id": "node/10763397028",
        "amenity": "fuel",
        "compressed_air": "yes",
        "name": "Indraprastha Gas Limited CNG station"
      },
      "geometry": {
        "type": "Point",
        "coordinates": [
          77.3702804,
          28.5259841
        ]
      },
      "id": "node/10763397028"
    },
    {
      "type": "Feature",
      "properties": {
        "@id": "node/10778957417",
        "access": "private",
        "amenity": "charging_station",
        "bus": "yes"
      },
      "geometry": {
        "type": "Point",
        "coordinates": [
          77.1802238,
          28.7242899
        ]
      },
      "id": "node/10778957417"
    },
    {
      "type": "Feature",
      "properties": {
        "@id": "node/10827129597",
        "amenity": "fuel",
        "brand": "Indian Oil",
        "brand:wikidata": "Q1289348",
        "compressed_air": "yes",
        "name": "Indian Oil"
      },
      "geometry": {
        "type": "Point",
        "coordinates": [
          77.0816858,
          28.4300777
        ]
      },
      "id": "node/10827129597"
    },
    {
      "type": "Feature",
      "properties": {
        "@id": "node/10842130551",
        "addr:city": "Gurgaon",
        "amenity": "fuel",
        "brand": "Haryana City Gas (HCG)",
        "check_date": "2025-08-31",
        "fuel:cng": "yes",
        "internet_access": "no",
        "name": "Haryana City Gas (HCG) CNG Pump",
        "name:en": "Haryana City Gas (HCG) CNG Pump",
        "operator": "Haryana City Gas Distribution Limited",
        "payment:cash": "yes",
        "payment:credit_cards": "yes",
        "payment:debit_cards": "yes",
        "payment:upi": "yes",
        "self_service": "no",
        "wheelchair": "yes"
      },
      "geometry": {
        "type": "Point",
        "coordinates": [
          77.0750832,
          28.4521322
        ]
      },
      "id": "node/10842130551"
    },
    {
      "type": "Feature",
      "properties": {
        "@id": "node/10864785167",
        "amenity": "fuel",
        "check_date": "2023-04-30",
        "name": "Adani Gas"
      },
      "geometry": {
        "type": "Point",
        "coordinates": [
          77.3434259,
          28.0783428
        ]
      },
      "id": "node/10864785167"
    },
    {
      "type": "Feature",
      "properties": {
        "@id": "node/10864785181",
        "amenity": "fuel",
        "brand": "Indian Oil",
        "brand:wikidata": "Q1289348",
        "check_date": "2023-04-30",
        "name": "Indian Oil"
      },
      "geometry": {
        "type": "Point",
        "coordinates": [
          77.335503,
          28.0185613
        ]
      },
      "id": "node/10864785181"
    },
    {
      "type": "Feature",
      "properties": {
        "@id": "node/10864785182",
        "amenity": "fuel",
        "check_date": "2023-04-30",
        "name": "Nayara"
      },
      "geometry": {
        "type": "Point",
        "coordinates": [
          77.3366988,
          28.0193638
        ]
      },
      "id": "node/10864785182"
    },
    {
      "type": "Feature",
      "properties": {
        "@id": "node/10864785183",
        "amenity": "fuel",
        "brand": "Hindustan Petroleum",
        "brand:wikidata": "Q1619375",
        "check_date": "2023-04-30",
        "name": "HP",
        "official_name": "Hindustan Petroleum"
      },
      "geometry": {
        "type": "Point",
        "coordinates": [
          77.3385601,
          28.0301646
        ]
      },
      "id": "node/10864785183"
    },
    {
      "type": "Feature",
      "properties": {
        "@id": "node/10864785184",
        "amenity": "fuel",
        "brand": "Hindustan Petroleum",
        "brand:wikidata": "Q1619375",
        "check_date": "2023-04-30",
        "name": "HP",
        "official_name": "Hindustan Petroleum"
      },
      "geometry": {
        "type": "Point",
        "coordinates": [
          77.3409872,
          28.0375669
        ]
      },
      "id": "node/10864785184"
    },
    {
      "type": "Feature",
      "properties": {
        "@id": "node/10864785185",
        "amenity": "fuel",
        "brand": "Indian Oil",
        "brand:wikidata": "Q1289348",
        "check_date": "2023-04-30",
        "name": "Indian Oil"
      },
      "geometry": {
        "type": "Point",
        "coordinates": [
          77.3407823,
          28.0844255
        ]
      },
      "id": "node/10864785185"
    },
    {
      "type": "Feature",
      "properties": {
        "@id": "node/10864785187",
        "amenity": "fuel",
        "brand": "Hindustan Petroleum",
        "brand:wikidata": "Q1619375",
        "check_date": "2023-04-30",
        "name": "HP",
        "official_name": "Hindustan Petroleum"
      },
      "geometry": {
        "type": "Point",
        "coordinates": [
          77.3420587,
          28.0434581
        ]
      },
      "id": "node/10864785187"
    },
    {
      "type": "Feature",
      "properties": {
        "@id": "node/10864785189",
        "amenity": "fuel",
        "check_date": "2023-04-30",
        "name": "Adani Gas"
      },
      "geometry": {
        "type": "Point",
        "coordinates": [
          77.3421275,
          28.0443471
        ]
      },
      "id": "node/10864785189"
    },
    {
      "type": "Feature",
      "properties": {
        "@id": "node/10864785192",
        "amenity": "fuel",
        "brand": "Bharat Petroleum",
        "brand:wikidata": "Q854826",
        "check_date": "2023-04-30",
        "name": "Bharat Petroleum"
      },
      "geometry": {
        "type": "Point",
        "coordinates": [
          77.3419818,
          28.047282
        ]
      },
      "id": "node/10864785192"
    },
    {
      "type": "Feature",
      "properties": {
        "@id": "node/10864785195",
        "amenity": "fuel",
        "brand": "Bharat Petroleum",
        "brand:wikidata": "Q854826",
        "check_date": "2023-04-30",
        "name": "Bharat Petroleum"
      },
      "geometry": {
        "type": "Point",
        "coordinates": [
          77.3434978,
          28.0484664
        ]
      },
      "id": "node/10864785195"
    },
    {
      "type": "Feature",
      "properties": {
        "@id": "node/10864785196",
        "amenity": "fuel",
        "brand": "Indian Oil",
        "brand:wikidata": "Q1289348",
        "check_date": "2023-04-30",
        "name": "Indian Oil"
      },
      "geometry": {
        "type": "Point",
        "coordinates": [
          77.3444459,
          28.0505729
        ]
      },
      "id": "node/10864785196"
    },
    {
      "type": "Feature",
      "properties": {
        "@id": "node/10864785199",
        "amenity": "fuel",
        "brand": "Hindustan Petroleum",
        "brand:wikidata": "Q1619375",
        "check_date": "2023-04-30",
        "name": "HP",
        "official_name": "Hindustan Petroleum"
      },
      "geometry": {
        "type": "Point",
        "coordinates": [
          77.3452943,
          28.0561922
        ]
      },
      "id": "node/10864785199"
    },
    {
      "type": "Feature",
      "properties": {
        "@id": "node/10864785200",
        "amenity": "fuel",
        "check_date": "2023-04-30",
        "name": "Adani Gas"
      },
      "geometry": {
        "type": "Point",
        "coordinates": [
          77.343871,
          28.0703231
        ]
      },
      "id": "node/10864785200"
    },
    {
      "type": "Feature",
      "properties": {
        "@id": "node/10864788100",
        "amenity": "fuel",
        "brand": "Indian Oil",
        "brand:wikidata": "Q1289348",
        "check_date": "2023-04-30",
        "name": "Indian Oil"
      },
      "geometry": {
        "type": "Point",
        "coordinates": [
          77.3164329,
          28.1819276
        ]
      },
      "id": "node/10864788100"
    },
    {
      "type": "Feature",
      "properties": {
        "@id": "node/10864788101",
        "amenity": "fuel",
        "brand": "Hindustan Petroleum",
        "brand:wikidata": "Q1619375",
        "check_date": "2023-04-30",
        "name": "HP",
        "official_name": "Hindustan Petroleum"
      },
      "geometry": {
        "type": "Point",
        "coordinates": [
          77.316269,
          28.1829937
        ]
      },
      "id": "node/10864788101"
    },
    {
      "type": "Feature",
      "properties": {
        "@id": "node/10864788102",
        "amenity": "fuel",
        "check_date": "2023-04-30",
        "name": "Adani Gas"
      },
      "geometry": {
        "type": "Point",
        "coordinates": [
          77.3133509,
          28.1870413
        ]
      },
      "id": "node/10864788102"
    },
    {
      "type": "Feature",
      "properties": {
        "@id": "node/10864788103",
        "amenity": "fuel",
        "check_date": "2023-04-30",
        "name": "Adani Gas"
      },
      "geometry": {
        "type": "Point",
        "coordinates": [
          77.3108739,
          28.1964228
        ]
      },
      "id": "node/10864788103"
    },
    {
      "type": "Feature",
      "properties": {
        "@id": "node/10864788104",
        "amenity": "fuel",
        "brand": "Indian Oil",
        "brand:wikidata": "Q1289348",
        "check_date": "2023-04-30",
        "name": "Indian Oil"
      },
      "geometry": {
        "type": "Point",
        "coordinates": [
          77.3056738,
          28.2051871
        ]
      },
      "id": "node/10864788104"
    },
    {
      "type": "Feature",
      "properties": {
        "@id": "node/10864789926",
        "amenity": "fuel",
        "brand": "Bharat Petroleum",
        "brand:wikidata": "Q854826",
        "check_date": "2023-04-30",
        "name": "Bharat Petroleum"
      },
      "geometry": {
        "type": "Point",
        "coordinates": [
          77.3324144,
          28.1142319
        ]
      },
      "id": "node/10864789926"
    },
    {
      "type": "Feature",
      "properties": {
        "@id": "node/10864789927",
        "amenity": "fuel",
        "brand": "Indian Oil",
        "brand:wikidata": "Q1289348",
        "check_date": "2023-04-30",
        "name": "Indian Oil"
      },
      "geometry": {
        "type": "Point",
        "coordinates": [
          77.3307024,
          28.1212469
        ]
      },
      "id": "node/10864789927"
    },
    {
      "type": "Feature",
      "properties": {
        "@id": "node/10864789930",
        "amenity": "fuel",
        "brand": "Bharat Petroleum",
        "brand:wikidata": "Q854826",
        "check_date": "2023-04-30",
        "name": "Bharat Petroleum"
      },
      "geometry": {
        "type": "Point",
        "coordinates": [
          77.3283195,
          28.1385568
        ]
      },
      "id": "node/10864789930"
    },
    {
      "type": "Feature",
      "properties": {
        "@id": "node/10864789931",
        "amenity": "fuel",
        "brand": "Hindustan Petroleum",
        "brand:wikidata": "Q1619375",
        "check_date": "2023-04-30",
        "name": "HP",
        "official_name": "Hindustan Petroleum"
      },
      "geometry": {
        "type": "Point",
        "coordinates": [
          77.3282233,
          28.1387935
        ]
      },
      "id": "node/10864789931"
    },
    {
      "type": "Feature",
      "properties": {
        "@id": "node/10864790305",
        "amenity": "fuel",
        "brand": "Essar",
        "check_date": "2023-04-30",
        "name": "Essar"
      },
      "geometry": {
        "type": "Point",
        "coordinates": [
          77.3031051,
          28.2150905
        ]
      },
      "id": "node/10864790305"
    },
    {
      "type": "Feature",
      "properties": {
        "@id": "node/10864790306",
        "amenity": "fuel",
        "brand": "Indian Oil",
        "brand:wikidata": "Q1289348",
        "check_date": "2023-04-30",
        "name": "Indian Oil"
      },
      "geometry": {
        "type": "Point",
        "coordinates": [
          77.3019871,
          28.2178316
        ]
      },
      "id": "node/10864790306"
    },
    {
      "type": "Feature",
      "properties": {
        "@id": "node/10864790307",
        "amenity": "fuel",
        "brand": "Bharat Petroleum",
        "brand:wikidata": "Q854826",
        "check_date": "2023-04-30",
        "name": "Bharat Petroleum"
      },
      "geometry": {
        "type": "Point",
        "coordinates": [
          77.2995428,
          28.222828
        ]
      },
      "id": "node/10864790307"
    },
    {
      "type": "Feature",
      "properties": {
        "@id": "node/10864790308",
        "amenity": "fuel",
        "brand": "Hindustan Petroleum",
        "brand:wikidata": "Q1619375",
        "check_date": "2023-04-30",
        "name": "HP",
        "official_name": "Hindustan Petroleum"
      },
      "geometry": {
        "type": "Point",
        "coordinates": [
          77.2897419,
          28.239093
        ]
      },
      "id": "node/10864790308"
    },
    {
      "type": "Feature",
      "properties": {
        "@id": "node/10864790309",
        "amenity": "fuel",
        "check_date": "2023-04-30",
        "name": "Adani Gas"
      },
      "geometry": {
        "type": "Point",
        "coordinates": [
          77.2894701,
          28.244158
        ]
      },
      "id": "node/10864790309"
    },
    {
      "type": "Feature",
      "properties": {
        "@id": "node/10864790311",
        "amenity": "fuel",
        "brand": "Indian Oil",
        "brand:wikidata": "Q1289348",
        "check_date": "2023-04-30",
        "name": "Indian Oil"
      },
      "geometry": {
        "type": "Point",
        "coordinates": [
          77.2894645,
          28.2574908
        ]
      },
      "id": "node/10864790311"
    },
    {
      "type": "Feature",
      "properties": {
        "@id": "node/10864790312",
        "amenity": "fuel",
        "brand": "Indian Oil",
        "brand:wikidata": "Q1289348",
        "check_date": "2023-04-30",
        "name": "Indian Oil"
      },
      "geometry": {
        "type": "Point",
        "coordinates": [
          77.2880036,
          28.2592013
        ]
      },
      "id": "node/10864790312"
    },
    {
      "type": "Feature",
      "properties": {
        "@id": "node/10864790313",
        "amenity": "fuel",
        "brand": "Indian Oil",
        "brand:wikidata": "Q1289348",
        "check_date": "2023-04-30",
        "name": "Indian Oil"
      },
      "geometry": {
        "type": "Point",
        "coordinates": [
          77.287789,
          28.2602975
        ]
      },
      "id": "node/10864790313"
    },
    {
      "type": "Feature",
      "properties": {
        "@id": "node/10864790314",
        "amenity": "fuel",
        "brand": "Indian Oil",
        "brand:wikidata": "Q1289348",
        "check_date": "2023-04-30",
        "name": "Indian Oil"
      },
      "geometry": {
        "type": "Point",
        "coordinates": [
          77.2883274,
          28.2627888
        ]
      },
      "id": "node/10864790314"
    },
    {
      "type": "Feature",
      "properties": {
        "@id": "node/10864790315",
        "amenity": "fuel",
        "check_date": "2023-04-30",
        "name": "Adani Gas"
      },
      "geometry": {
        "type": "Point",
        "coordinates": [
          77.2879419,
          28.2660917
        ]
      },
      "id": "node/10864790315"
    },
    {
      "type": "Feature",
      "properties": {
        "@id": "node/10864790316",
        "amenity": "fuel",
        "brand": "Hindustan Petroleum",
        "brand:wikidata": "Q1619375",
        "check_date": "2023-04-30",
        "name": "HP",
        "official_name": "Hindustan Petroleum"
      },
      "geometry": {
        "type": "Point",
        "coordinates": [
          77.286713,
          28.2659542
        ]
      },
      "id": "node/10864790316"
    },
    {
      "type": "Feature",
      "properties": {
        "@id": "node/10869059265",
        "amenity": "fuel",
        "brand": "Hindustan Petroleum",
        "brand:wikidata": "Q1619375",
        "check_date": "2025-02-23",
        "compressed_air": "yes",
        "name": "Hindustan Petroleum",
        "official_name": "Hindustan Petroleum",
        "self_service": "no",
        "short_name": "HP"
      },
      "geometry": {
        "type": "Point",
        "coordinates": [
          77.0945267,
          28.4705105
        ]
      },
      "id": "node/10869059265"
    },
    {
      "type": "Feature",
      "properties": {
        "@id": "node/10893255807",
        "amenity": "fuel",
        "brand": "Bharat Petroleum",
        "brand:wikidata": "Q854826",
        "name": "Bharat Petroleum"
      },
      "geometry": {
        "type": "Point",
        "coordinates": [
          77.0721274,
          28.2420687
        ]
      },
      "id": "node/10893255807"
    },
    {
      "type": "Feature",
      "properties": {
        "@id": "node/10893280772",
        "amenity": "fuel",
        "name": "Hindustan Petroleum"
      },
      "geometry": {
        "type": "Point",
        "coordinates": [
          77.0673522,
          28.3458208
        ]
      },
      "id": "node/10893280772"
    },
    {
      "type": "Feature",
      "properties": {
        "@id": "node/10893287129",
        "amenity": "fuel",
        "brand": "Hindustan Petroleum",
        "brand:wikidata": "Q1619375",
        "name": "Hindustan Petroleum",
        "official_name": "Hindustan Petroleum"
      },
      "geometry": {
        "type": "Point",
        "coordinates": [
          77.0679979,
          28.3302173
        ]
      },
      "id": "node/10893287129"
    },
    {
      "type": "Feature",
      "properties": {
        "@id": "node/10893310116",
        "amenity": "fuel",
        "brand": "Bharat Petroleum",
        "brand:wikidata": "Q854826",
        "name": "Bharat Petroleum"
      },
      "geometry": {
        "type": "Point",
        "coordinates": [
          77.0682381,
          28.3395051
        ]
      },
      "id": "node/10893310116"
    },
    {
      "type": "Feature",
      "properties": {
        "@id": "node/10893391531",
        "amenity": "fuel",
        "brand": "Hindustan Petroleum",
        "brand:wikidata": "Q1619375",
        "name": "Hindustan Petroleum",
        "official_name": "Hindustan Petroleum",
        "short_name": "HP"
      },
      "geometry": {
        "type": "Point",
        "coordinates": [
          77.0724086,
          28.4108664
        ]
      },
      "id": "node/10893391531"
    },
    {
      "type": "Feature",
      "properties": {
        "@id": "node/10905351902",
        "amenity": "charging_station",
        "check_date": "2026-03-14",
        "disused:amenity": "yes"
      },
      "geometry": {
        "type": "Point",
        "coordinates": [
          77.2195272,
          28.6342282
        ]
      },
      "id": "node/10905351902"
    },
    {
      "type": "Feature",
      "properties": {
        "@id": "node/10908485585",
        "amenity": "charging_station"
      },
      "geometry": {
        "type": "Point",
        "coordinates": [
          77.203949,
          28.6993047
        ]
      },
      "id": "node/10908485585"
    },
    {
      "type": "Feature",
      "properties": {
        "@id": "node/10908485595",
        "amenity": "charging_station"
      },
      "geometry": {
        "type": "Point",
        "coordinates": [
          77.203999,
          28.6992861
        ]
      },
      "id": "node/10908485595"
    },
    {
      "type": "Feature",
      "properties": {
        "@id": "node/10916593203",
        "amenity": "fuel",
        "brand": "Indian Oil",
        "brand:wikidata": "Q1289348",
        "check_date": "2025-02-23",
        "compressed_air": "yes",
        "name": "Indian Oil"
      },
      "geometry": {
        "type": "Point",
        "coordinates": [
          77.0843698,
          28.461418
        ]
      },
      "id": "node/10916593203"
    },
    {
      "type": "Feature",
      "properties": {
        "@id": "node/10922054270",
        "amenity": "charging_station"
      },
      "geometry": {
        "type": "Point",
        "coordinates": [
          77.2199032,
          28.6315233
        ]
      },
      "id": "node/10922054270"
    },
    {
      "type": "Feature",
      "properties": {
        "@id": "node/10948867107",
        "amenity": "charging_station"
      },
      "geometry": {
        "type": "Point",
        "coordinates": [
          77.2349474,
          28.5404442
        ]
      },
      "id": "node/10948867107"
    },
    {
      "type": "Feature",
      "properties": {
        "@id": "node/11030050466",
        "amenity": "charging_station"
      },
      "geometry": {
        "type": "Point",
        "coordinates": [
          77.2369501,
          28.5715108
        ]
      },
      "id": "node/11030050466"
    },
    {
      "type": "Feature",
      "properties": {
        "@id": "node/11030050467",
        "amenity": "charging_station"
      },
      "geometry": {
        "type": "Point",
        "coordinates": [
          77.2369881,
          28.5715706
        ]
      },
      "id": "node/11030050467"
    },
    {
      "type": "Feature",
      "properties": {
        "@id": "node/11083172400",
        "amenity": "charging_station",
        "brand": "Charge Karo",
        "capacity": "6"
      },
      "geometry": {
        "type": "Point",
        "coordinates": [
          77.2455856,
          28.5443474
        ]
      },
      "id": "node/11083172400"
    },
    {
      "type": "Feature",
      "properties": {
        "@id": "node/11083172401",
        "amenity": "charging_station",
        "brand": "Charge Karo"
      },
      "geometry": {
        "type": "Point",
        "coordinates": [
          77.2455165,
          28.5443273
        ]
      },
      "id": "node/11083172401"
    },
    {
      "type": "Feature",
      "properties": {
        "@id": "node/11132023351",
        "amenity": "charging_station"
      },
      "geometry": {
        "type": "Point",
        "coordinates": [
          77.2205342,
          28.5844378
        ]
      },
      "id": "node/11132023351"
    },
    {
      "type": "Feature",
      "properties": {
        "@id": "node/11148213616",
        "amenity": "charging_station",
        "bicycle": "yes",
        "capacity:motorcar": "2",
        "fee": "yes"
      },
      "geometry": {
        "type": "Point",
        "coordinates": [
          77.2890724,
          28.622435
        ]
      },
      "id": "node/11148213616"
    },
    {
      "type": "Feature",
      "properties": {
        "@id": "node/11157984743",
        "amenity": "fuel",
        "brand": "Indian Oil",
        "brand:wikidata": "Q1289348",
        "name": "Indian Oil"
      },
      "geometry": {
        "type": "Point",
        "coordinates": [
          77.1811087,
          28.7033741
        ]
      },
      "id": "node/11157984743"
    },
    {
      "type": "Feature",
      "properties": {
        "@id": "node/11254376540",
        "amenity": "fuel"
      },
      "geometry": {
        "type": "Point",
        "coordinates": [
          77.4580589,
          28.6387931
        ]
      },
      "id": "node/11254376540"
    },
    {
      "type": "Feature",
      "properties": {
        "@id": "node/11281140568",
        "amenity": "fuel",
        "brand": "Hindustan Petroleum",
        "brand:wikidata": "Q1619375",
        "name": "HP",
        "official_name": "Hindustan Petroleum"
      },
      "geometry": {
        "type": "Point",
        "coordinates": [
          77.0672026,
          28.3047341
        ]
      },
      "id": "node/11281140568"
    },
    {
      "type": "Feature",
      "properties": {
        "@id": "node/11281363109",
        "amenity": "fuel",
        "brand": "Indian Oil",
        "brand:wikidata": "Q1289348",
        "name": "Indian Oil"
      },
      "geometry": {
        "type": "Point",
        "coordinates": [
          77.0671158,
          28.2976748
        ]
      },
      "id": "node/11281363109"
    },
    {
      "type": "Feature",
      "properties": {
        "@id": "node/11281363124",
        "amenity": "fuel",
        "brand": "Hindustan Petroleum",
        "brand:wikidata": "Q1619375",
        "name": "HP",
        "official_name": "Hindustan Petroleum"
      },
      "geometry": {
        "type": "Point",
        "coordinates": [
          77.0676278,
          28.2619501
        ]
      },
      "id": "node/11281363124"
    },
    {
      "type": "Feature",
      "properties": {
        "@id": "node/11281363125",
        "amenity": "fuel",
        "brand": "Indian Oil",
        "brand:wikidata": "Q1289348",
        "name": "Indian Oil"
      },
      "geometry": {
        "type": "Point",
        "coordinates": [
          77.0666483,
          28.264981
        ]
      },
      "id": "node/11281363125"
    },
    {
      "type": "Feature",
      "properties": {
        "@id": "node/11288533005",
        "amenity": "charging_station"
      },
      "geometry": {
        "type": "Point",
        "coordinates": [
          77.2594429,
          28.5497356
        ]
      },
      "id": "node/11288533005"
    },
    {
      "type": "Feature",
      "properties": {
        "@id": "node/11288533006",
        "amenity": "charging_station"
      },
      "geometry": {
        "type": "Point",
        "coordinates": [
          77.2594888,
          28.5497042
        ]
      },
      "id": "node/11288533006"
    },
    {
      "type": "Feature",
      "properties": {
        "@id": "node/11288533008",
        "amenity": "charging_station"
      },
      "geometry": {
        "type": "Point",
        "coordinates": [
          77.2595584,
          28.5496589
        ]
      },
      "id": "node/11288533008"
    },
    {
      "type": "Feature",
      "properties": {
        "@id": "node/11288533010",
        "amenity": "charging_station"
      },
      "geometry": {
        "type": "Point",
        "coordinates": [
          77.2595256,
          28.5496792
        ]
      },
      "id": "node/11288533010"
    },
    {
      "type": "Feature",
      "properties": {
        "@id": "node/11288533011",
        "amenity": "charging_station"
      },
      "geometry": {
        "type": "Point",
        "coordinates": [
          77.2594016,
          28.5497534
        ]
      },
      "id": "node/11288533011"
    },
    {
      "type": "Feature",
      "properties": {
        "@id": "node/11313878861",
        "amenity": "fuel",
        "brand": "Indian Oil",
        "brand:wikidata": "Q1289348",
        "check_date": "2025-02-23",
        "name": "Indian Oil"
      },
      "geometry": {
        "type": "Point",
        "coordinates": [
          77.0549446,
          28.466452
        ]
      },
      "id": "node/11313878861"
    },
    {
      "type": "Feature",
      "properties": {
        "@id": "node/11368545133",
        "amenity": "charging_station",
        "brand": "Charge Karo"
      },
      "geometry": {
        "type": "Point",
        "coordinates": [
          77.2381099,
          28.5697606
        ]
      },
      "id": "node/11368545133"
    },
    {
      "type": "Feature",
      "properties": {
        "@id": "node/11406900271",
        "amenity": "charging_station",
        "brand": "Tata Power",
        "capacity": "1",
        "check_date": "2026-03-14",
        "socket:type2": "1"
      },
      "geometry": {
        "type": "Point",
        "coordinates": [
          77.2372754,
          28.6019401
        ]
      },
      "id": "node/11406900271"
    },
    {
      "type": "Feature",
      "properties": {
        "@id": "node/11414388215",
        "amenity": "charging_station"
      },
      "geometry": {
        "type": "Point",
        "coordinates": [
          77.2343743,
          28.5508417
        ]
      },
      "id": "node/11414388215"
    },
    {
      "type": "Feature",
      "properties": {
        "@id": "node/11414388216",
        "amenity": "charging_station"
      },
      "geometry": {
        "type": "Point",
        "coordinates": [
          77.2343614,
          28.5508303
        ]
      },
      "id": "node/11414388216"
    },
    {
      "type": "Feature",
      "properties": {
        "@id": "node/11421789517",
        "amenity": "charging_station"
      },
      "geometry": {
        "type": "Point",
        "coordinates": [
          77.28703,
          28.6177007
        ]
      },
      "id": "node/11421789517"
    },
    {
      "type": "Feature",
      "properties": {
        "@id": "node/11421789521",
        "amenity": "charging_station"
      },
      "geometry": {
        "type": "Point",
        "coordinates": [
          77.2870367,
          28.6176864
        ]
      },
      "id": "node/11421789521"
    },
    {
      "type": "Feature",
      "properties": {
        "@id": "node/11449177423",
        "amenity": "charging_station"
      },
      "geometry": {
        "type": "Point",
        "coordinates": [
          77.1433393,
          28.6606575
        ]
      },
      "id": "node/11449177423"
    },
    {
      "type": "Feature",
      "properties": {
        "@id": "node/11454822427",
        "amenity": "charging_station"
      },
      "geometry": {
        "type": "Point",
        "coordinates": [
          77.2532299,
          28.6672518
        ]
      },
      "id": "node/11454822427"
    },
    {
      "type": "Feature",
      "properties": {
        "@id": "node/11454822430",
        "amenity": "charging_station"
      },
      "geometry": {
        "type": "Point",
        "coordinates": [
          77.2532856,
          28.6672527
        ]
      },
      "id": "node/11454822430"
    },
    {
      "type": "Feature",
      "properties": {
        "@id": "node/11454822431",
        "amenity": "charging_station"
      },
      "geometry": {
        "type": "Point",
        "coordinates": [
          77.2532583,
          28.667252
        ]
      },
      "id": "node/11454822431"
    },
    {
      "type": "Feature",
      "properties": {
        "@id": "node/11478464616",
        "amenity": "charging_station"
      },
      "geometry": {
        "type": "Point",
        "coordinates": [
          77.2989161,
          28.6229566
        ]
      },
      "id": "node/11478464616"
    },
    {
      "type": "Feature",
      "properties": {
        "@id": "node/11601441778",
        "amenity": "charging_station"
      },
      "geometry": {
        "type": "Point",
        "coordinates": [
          77.1562309,
          28.6531076
        ]
      },
      "id": "node/11601441778"
    },
    {
      "type": "Feature",
      "properties": {
        "@id": "node/11601441779",
        "amenity": "charging_station",
        "branch": "Shadipur",
        "charging_station:battery_swapping": "yes",
        "name": "Switch Station"
      },
      "geometry": {
        "type": "Point",
        "coordinates": [
          77.1563495,
          28.6530158
        ]
      },
      "id": "node/11601441779"
    },
    {
      "type": "Feature",
      "properties": {
        "@id": "node/11601441781",
        "amenity": "charging_station"
      },
      "geometry": {
        "type": "Point",
        "coordinates": [
          77.1561984,
          28.6531276
        ]
      },
      "id": "node/11601441781"
    },
    {
      "type": "Feature",
      "properties": {
        "@id": "node/11633746977",
        "amenity": "fuel",
        "brand": "Nayara",
        "brand:wikidata": "Q5399377",
        "name": "Nayara"
      },
      "geometry": {
        "type": "Point",
        "coordinates": [
          77.0753233,
          28.4221377
        ]
      },
      "id": "node/11633746977"
    },
    {
      "type": "Feature",
      "properties": {
        "@id": "node/11637354348",
        "amenity": "charging_station"
      },
      "geometry": {
        "type": "Point",
        "coordinates": [
          77.2175045,
          28.6338798
        ]
      },
      "id": "node/11637354348"
    },
    {
      "type": "Feature",
      "properties": {
        "@id": "node/11642004107",
        "amenity": "charging_station"
      },
      "geometry": {
        "type": "Point",
        "coordinates": [
          77.2319249,
          28.6272979
        ]
      },
      "id": "node/11642004107"
    },
    {
      "type": "Feature",
      "properties": {
        "@id": "node/11665489616",
        "amenity": "fuel",
        "brand": "Bharat Petroleum",
        "brand:wikidata": "Q854826",
        "name": "Bharat Petroleum"
      },
      "geometry": {
        "type": "Point",
        "coordinates": [
          77.0006292,
          28.4423897
        ]
      },
      "id": "node/11665489616"
    },
    {
      "type": "Feature",
      "properties": {
        "@id": "node/11665696366",
        "amenity": "fuel",
        "name": "Hindustan Petroleum"
      },
      "geometry": {
        "type": "Point",
        "coordinates": [
          77.0335669,
          28.4276658
        ]
      },
      "id": "node/11665696366"
    },
    {
      "type": "Feature",
      "properties": {
        "@id": "node/11696890790",
        "amenity": "fuel",
        "name": "SHAHDARA PETROL PUMP"
      },
      "geometry": {
        "type": "Point",
        "coordinates": [
          77.2913625,
          28.6866861
        ]
      },
      "id": "node/11696890790"
    },
    {
      "type": "Feature",
      "properties": {
        "@id": "node/11697454694",
        "amenity": "charging_station"
      },
      "geometry": {
        "type": "Point",
        "coordinates": [
          77.2510865,
          28.5508115
        ]
      },
      "id": "node/11697454694"
    },
    {
      "type": "Feature",
      "properties": {
        "@id": "node/11697454712",
        "amenity": "charging_station"
      },
      "geometry": {
        "type": "Point",
        "coordinates": [
          77.2510569,
          28.5508585
        ]
      },
      "id": "node/11697454712"
    },
    {
      "type": "Feature",
      "properties": {
        "@id": "node/11771960493",
        "amenity": "charging_station"
      },
      "geometry": {
        "type": "Point",
        "coordinates": [
          77.195939,
          28.5544887
        ]
      },
      "id": "node/11771960493"
    },
    {
      "type": "Feature",
      "properties": {
        "@id": "node/11778344680",
        "amenity": "fuel",
        "brand": "Bharat Petroleum",
        "brand:wikidata": "Q854826",
        "check_date": "2025-09-01",
        "name": "Bharat Petroleum"
      },
      "geometry": {
        "type": "Point",
        "coordinates": [
          77.2120304,
          28.6795004
        ]
      },
      "id": "node/11778344680"
    },
    {
      "type": "Feature",
      "properties": {
        "@id": "node/11795617114",
        "amenity": "charging_station",
        "brand": "Xicom",
        "capacity": "1"
      },
      "geometry": {
        "type": "Point",
        "coordinates": [
          77.2196866,
          28.6286105
        ]
      },
      "id": "node/11795617114"
    },
    {
      "type": "Feature",
      "properties": {
        "@id": "node/11821495340",
        "amenity": "charging_station",
        "brand": "Charj Karo",
        "capacity": "3",
        "check_date": "2025-09-01",
        "level": "0"
      },
      "geometry": {
        "type": "Point",
        "coordinates": [
          77.2085882,
          28.6799791
        ]
      },
      "id": "node/11821495340"
    },
    {
      "type": "Feature",
      "properties": {
        "@id": "node/11823656860",
        "amenity": "fuel",
        "brand": "IGL",
        "brand:wikidata": "Q125553945",
        "construction": "yes",
        "name": "IGL"
      },
      "geometry": {
        "type": "Point",
        "coordinates": [
          77.2259725,
          28.6417761
        ]
      },
      "id": "node/11823656860"
    },
    {
      "type": "Feature",
      "properties": {
        "@id": "node/11833042043",
        "amenity": "fuel",
        "brand": "Hindustan Petroleum",
        "brand:wikidata": "Q1619375",
        "name": "HP",
        "official_name": "Hindustan Petroleum"
      },
      "geometry": {
        "type": "Point",
        "coordinates": [
          77.2046862,
          28.6512729
        ]
      },
      "id": "node/11833042043"
    },
    {
      "type": "Feature",
      "properties": {
        "@id": "node/11834307466",
        "amenity": "fuel",
        "name": "Indian Oil"
      },
      "geometry": {
        "type": "Point",
        "coordinates": [
          77.0665107,
          28.408806
        ]
      },
      "id": "node/11834307466"
    },
    {
      "type": "Feature",
      "properties": {
        "@id": "node/11871740090",
        "amenity": "charging_station"
      },
      "geometry": {
        "type": "Point",
        "coordinates": [
          77.2245367,
          28.5649281
        ]
      },
      "id": "node/11871740090"
    },
    {
      "type": "Feature",
      "properties": {
        "@id": "node/11873060520",
        "amenity": "fuel",
        "brand": "Hindustan Petrolium",
        "name": "Rama Petrol Pump"
      },
      "geometry": {
        "type": "Point",
        "coordinates": [
          77.0008064,
          28.4028058
        ]
      },
      "id": "node/11873060520"
    },
    {
      "type": "Feature",
      "properties": {
        "@id": "node/11873258339",
        "amenity": "charging_station"
      },
      "geometry": {
        "type": "Point",
        "coordinates": [
          77.212758,
          28.5540272
        ]
      },
      "id": "node/11873258339"
    },
    {
      "type": "Feature",
      "properties": {
        "@id": "node/11875814624",
        "amenity": "charging_station",
        "fee": "yes",
        "name": "Ganpati Smart Point"
      },
      "geometry": {
        "type": "Point",
        "coordinates": [
          77.2080457,
          28.6775315
        ]
      },
      "id": "node/11875814624"
    },
    {
      "type": "Feature",
      "properties": {
        "@id": "node/11875926233",
        "amenity": "charging_station",
        "brand": "EESL",
        "capacity": "4",
        "fee": "no",
        "level": "0"
      },
      "geometry": {
        "type": "Point",
        "coordinates": [
          77.1948236,
          28.6219707
        ]
      },
      "id": "node/11875926233"
    },
    {
      "type": "Feature",
      "properties": {
        "@id": "node/11882034350",
        "amenity": "charging_station",
        "charging_station:battery_swapping": "yes"
      },
      "geometry": {
        "type": "Point",
        "coordinates": [
          77.2328267,
          28.5416057
        ]
      },
      "id": "node/11882034350"
    },
    {
      "type": "Feature",
      "properties": {
        "@id": "node/11882034351",
        "amenity": "charging_station"
      },
      "geometry": {
        "type": "Point",
        "coordinates": [
          77.2317719,
          28.5333783
        ]
      },
      "id": "node/11882034351"
    },
    {
      "type": "Feature",
      "properties": {
        "@id": "node/11882034353",
        "amenity": "charging_station"
      },
      "geometry": {
        "type": "Point",
        "coordinates": [
          77.2328551,
          28.541597
        ]
      },
      "id": "node/11882034353"
    },
    {
      "type": "Feature",
      "properties": {
        "@id": "node/11891087067",
        "amenity": "charging_station",
        "fixme": "Battery swapping station"
      },
      "geometry": {
        "type": "Point",
        "coordinates": [
          77.2547433,
          28.5483295
        ]
      },
      "id": "node/11891087067"
    },
    {
      "type": "Feature",
      "properties": {
        "@id": "node/11891087068",
        "amenity": "charging_station",
        "fixme": "Battery swapping station"
      },
      "geometry": {
        "type": "Point",
        "coordinates": [
          77.2547553,
          28.5482916
        ]
      },
      "id": "node/11891087068"
    },
    {
      "type": "Feature",
      "properties": {
        "@id": "node/11934285610",
        "amenity": "fuel"
      },
      "geometry": {
        "type": "Point",
        "coordinates": [
          77.2894644,
          28.4995429
        ]
      },
      "id": "node/11934285610"
    },
    {
      "type": "Feature",
      "properties": {
        "@id": "node/11934676233",
        "amenity": "charging_station"
      },
      "geometry": {
        "type": "Point",
        "coordinates": [
          77.2407912,
          28.586642
        ]
      },
      "id": "node/11934676233"
    },
    {
      "type": "Feature",
      "properties": {
        "@id": "node/11982372933",
        "amenity": "charging_station",
        "operator": "One Delhi"
      },
      "geometry": {
        "type": "Point",
        "coordinates": [
          77.2935572,
          28.5964138
        ]
      },
      "id": "node/11982372933"
    },
    {
      "type": "Feature",
      "properties": {
        "@id": "node/11982458750",
        "amenity": "charging_station",
        "operator": "CESL"
      },
      "geometry": {
        "type": "Point",
        "coordinates": [
          77.2935572,
          28.5964138
        ]
      },
      "id": "node/11982458750"
    },
    {
      "type": "Feature",
      "properties": {
        "@id": "node/11998754854",
        "amenity": "fuel"
      },
      "geometry": {
        "type": "Point",
        "coordinates": [
          77.2028679,
          28.5801992
        ]
      },
      "id": "node/11998754854"
    },
    {
      "type": "Feature",
      "properties": {
        "@id": "node/12002335956",
        "amenity": "fuel"
      },
      "geometry": {
        "type": "Point",
        "coordinates": [
          77.2753941,
          28.4028131
        ]
      },
      "id": "node/12002335956"
    },
    {
      "type": "Feature",
      "properties": {
        "@id": "node/12002350306",
        "amenity": "fuel",
        "brand": "Bharat Petroleum"
      },
      "geometry": {
        "type": "Point",
        "coordinates": [
          77.2718007,
          28.4031537
        ]
      },
      "id": "node/12002350306"
    },
    {
      "type": "Feature",
      "properties": {
        "@id": "node/12002350765",
        "amenity": "fuel",
        "brand": "Indian Oil"
      },
      "geometry": {
        "type": "Point",
        "coordinates": [
          77.196259,
          28.4072638
        ]
      },
      "id": "node/12002350765"
    },
    {
      "type": "Feature",
      "properties": {
        "@id": "node/12031201050",
        "amenity": "charging_station",
        "brand": "Sun Mobility",
        "charging_station:battery_swapping": "yes",
        "covered": "yes",
        "level": "0",
        "name": "Swap Point"
      },
      "geometry": {
        "type": "Point",
        "coordinates": [
          77.264671,
          28.5442512
        ]
      },
      "id": "node/12031201050"
    },
    {
      "type": "Feature",
      "properties": {
        "@id": "node/12039057571",
        "amenity": "fuel"
      },
      "geometry": {
        "type": "Point",
        "coordinates": [
          77.0046128,
          28.5567647
        ]
      },
      "id": "node/12039057571"
    },
    {
      "type": "Feature",
      "properties": {
        "@id": "node/12064267225",
        "amenity": "charging_station"
      },
      "geometry": {
        "type": "Point",
        "coordinates": [
          77.2873054,
          28.6382309
        ]
      },
      "id": "node/12064267225"
    },
    {
      "type": "Feature",
      "properties": {
        "@id": "node/12098546110",
        "amenity": "charging_station",
        "brand": "Ather",
        "capacity": "2",
        "level": "0",
        "operator": "Energy Efficiency Services Limited (EESL)"
      },
      "geometry": {
        "type": "Point",
        "coordinates": [
          77.222004,
          28.6316265
        ]
      },
      "id": "node/12098546110"
    },
    {
      "type": "Feature",
      "properties": {
        "@id": "node/12098704956",
        "amenity": "fuel",
        "brand": "Indian Oil",
        "brand:wikidata": "Q1289348",
        "name": "Indian Oil"
      },
      "geometry": {
        "type": "Point",
        "coordinates": [
          77.1216446,
          28.6270582
        ]
      },
      "id": "node/12098704956"
    },
    {
      "type": "Feature",
      "properties": {
        "@id": "node/12103011241",
        "amenity": "fuel",
        "brand": "Hindustan Petroleum",
        "brand:wikidata": "Q1619375",
        "name": "HP",
        "official_name": "Hindustan Petroleum"
      },
      "geometry": {
        "type": "Point",
        "coordinates": [
          77.033889,
          28.6532779
        ]
      },
      "id": "node/12103011241"
    },
    {
      "type": "Feature",
      "properties": {
        "@id": "node/12103011833",
        "amenity": "fuel",
        "brand": "Hindustan Petroleum",
        "brand:wikidata": "Q1619375",
        "name": "HP",
        "official_name": "Hindustan Petroleum"
      },
      "geometry": {
        "type": "Point",
        "coordinates": [
          77.0347133,
          28.6527246
        ]
      },
      "id": "node/12103011833"
    },
    {
      "type": "Feature",
      "properties": {
        "@id": "node/12123396312",
        "amenity": "charging_station",
        "brand": "Yuma",
        "charging_station:battery_swapping": "yes",
        "check_date": "2026-02-15",
        "level": "0",
        "network:wikidata": "Q104871276"
      },
      "geometry": {
        "type": "Point",
        "coordinates": [
          77.2153259,
          28.6952457
        ]
      },
      "id": "node/12123396312"
    },
    {
      "type": "Feature",
      "properties": {
        "@id": "node/12133416510",
        "amenity": "fuel",
        "brand": "Bharat Petroleum",
        "brand:wikidata": "Q854826",
        "name": "Bharat Petroleum"
      },
      "geometry": {
        "type": "Point",
        "coordinates": [
          77.1189519,
          28.6672427
        ]
      },
      "id": "node/12133416510"
    },
    {
      "type": "Feature",
      "properties": {
        "@id": "node/12141997945",
        "amenity": "fuel",
        "brand": "Hindustan Petroleum",
        "brand:wikidata": "Q1619375",
        "name": "HP",
        "official_name": "Hindustan Petroleum"
      },
      "geometry": {
        "type": "Point",
        "coordinates": [
          77.2728999,
          28.5519463
        ]
      },
      "id": "node/12141997945"
    },
    {
      "type": "Feature",
      "properties": {
        "@id": "node/12192527479",
        "amenity": "charging_station",
        "brand": "Statiq",
        "fee": "yes"
      },
      "geometry": {
        "type": "Point",
        "coordinates": [
          77.1860742,
          28.5133039
        ]
      },
      "id": "node/12192527479"
    },
    {
      "type": "Feature",
      "properties": {
        "@id": "node/12196467738",
        "addr:place": "Maurice Nagar",
        "amenity": "charging_station",
        "brand": "Battery Smart",
        "capacity": "3",
        "check_date": "2025-08-31",
        "fee": "yes",
        "level": "0",
        "ref": "P224"
      },
      "geometry": {
        "type": "Point",
        "coordinates": [
          77.2067275,
          28.688648
        ]
      },
      "id": "node/12196467738"
    },
    {
      "type": "Feature",
      "properties": {
        "@id": "node/12231168768",
        "amenity": "fuel",
        "brand": "Indian Oil",
        "brand:wikidata": "Q1289348",
        "name": "Indian Oil"
      },
      "geometry": {
        "type": "Point",
        "coordinates": [
          77.0451482,
          28.778538
        ]
      },
      "id": "node/12231168768"
    },
    {
      "type": "Feature",
      "properties": {
        "@id": "node/12234284834",
        "amenity": "fuel",
        "brand": "Indian Oil",
        "brand:wikidata": "Q1289348",
        "name": "Indian Oil"
      },
      "geometry": {
        "type": "Point",
        "coordinates": [
          77.3500502,
          28.6331872
        ]
      },
      "id": "node/12234284834"
    },
    {
      "type": "Feature",
      "properties": {
        "@id": "node/12234300747",
        "amenity": "fuel",
        "brand": "Indian Oil",
        "brand:wikidata": "Q1289348",
        "name": "Indian Oil"
      },
      "geometry": {
        "type": "Point",
        "coordinates": [
          77.4543608,
          28.5292771
        ]
      },
      "id": "node/12234300747"
    },
    {
      "type": "Feature",
      "properties": {
        "@id": "node/12257989759",
        "amenity": "fuel"
      },
      "geometry": {
        "type": "Point",
        "coordinates": [
          76.8118826,
          28.7472025
        ]
      },
      "id": "node/12257989759"
    },
    {
      "type": "Feature",
      "properties": {
        "@id": "node/12261076779",
        "amenity": "fuel",
        "brand": "Indian Oil",
        "brand:wikidata": "Q1289348",
        "name": "Indian Oil"
      },
      "geometry": {
        "type": "Point",
        "coordinates": [
          77.1038104,
          28.9225643
        ]
      },
      "id": "node/12261076779"
    },
    {
      "type": "Feature",
      "properties": {
        "@id": "node/12265669764",
        "amenity": "fuel",
        "brand": "Hindustan Petroleum",
        "brand:wikidata": "Q1619375",
        "name": "HP",
        "official_name": "Hindustan Petroleum"
      },
      "geometry": {
        "type": "Point",
        "coordinates": [
          77.3370706,
          28.3814451
        ]
      },
      "id": "node/12265669764"
    },
    {
      "type": "Feature",
      "properties": {
        "@id": "node/12278110520",
        "amenity": "fuel",
        "brand": "Hindustan Petroleum",
        "brand:wikidata": "Q1619375",
        "name": "HP",
        "official_name": "Hindustan Petroleum"
      },
      "geometry": {
        "type": "Point",
        "coordinates": [
          77.17549,
          28.5915129
        ]
      },
      "id": "node/12278110520"
    },
    {
      "type": "Feature",
      "properties": {
        "@id": "node/12287582102",
        "amenity": "fuel",
        "brand": "Indian Oil",
        "brand:wikidata": "Q1289348",
        "name": "Indian Oil"
      },
      "geometry": {
        "type": "Point",
        "coordinates": [
          77.3336672,
          28.6258853
        ]
      },
      "id": "node/12287582102"
    },
    {
      "type": "Feature",
      "properties": {
        "@id": "node/12352455245",
        "amenity": "charging_station"
      },
      "geometry": {
        "type": "Point",
        "coordinates": [
          77.316582,
          28.6492602
        ]
      },
      "id": "node/12352455245"
    },
    {
      "type": "Feature",
      "properties": {
        "@id": "node/12595808641",
        "amenity": "fuel",
        "brand": "Indian Oil",
        "brand:wikidata": "Q1289348",
        "name": "Indian Oil"
      },
      "geometry": {
        "type": "Point",
        "coordinates": [
          77.4910378,
          28.6942803
        ]
      },
      "id": "node/12595808641"
    },
    {
      "type": "Feature",
      "properties": {
        "@id": "node/12595820603",
        "amenity": "fuel",
        "brand": "IGL",
        "brand:wikidata": "Q125553945",
        "name": "IGL"
      },
      "geometry": {
        "type": "Point",
        "coordinates": [
          77.4850778,
          28.6905602
        ]
      },
      "id": "node/12595820603"
    },
    {
      "type": "Feature",
      "properties": {
        "@id": "node/12596571169",
        "amenity": "fuel",
        "name": "Indraprastha Gas Limited CNG Station"
      },
      "geometry": {
        "type": "Point",
        "coordinates": [
          77.2999232,
          28.6619077
        ]
      },
      "id": "node/12596571169"
    },
    {
      "type": "Feature",
      "properties": {
        "@id": "node/12596574170",
        "amenity": "charging_station",
        "brand": "Electric Vehicle Charging Station"
      },
      "geometry": {
        "type": "Point",
        "coordinates": [
          77.3000898,
          28.6622203
        ]
      },
      "id": "node/12596574170"
    },
    {
      "type": "Feature",
      "properties": {
        "@id": "node/12647193426",
        "amenity": "charging_station",
        "brand": "Yuma",
        "charging_station:battery_swapping": "yes",
        "indoor": "yes",
        "level": "0"
      },
      "geometry": {
        "type": "Point",
        "coordinates": [
          77.0429824,
          28.5910595
        ]
      },
      "id": "node/12647193426"
    },
    {
      "type": "Feature",
      "properties": {
        "@id": "node/12672890507",
        "amenity": "charging_station",
        "bicycle": "yes",
        "charging_station:battery_swapping": "yes",
        "check_date": "2026-03-14",
        "fee": "yes",
        "level": "0"
      },
      "geometry": {
        "type": "Point",
        "coordinates": [
          77.2331036,
          28.5904687
        ]
      },
      "id": "node/12672890507"
    },
    {
      "type": "Feature",
      "properties": {
        "@id": "node/12722875210",
        "advertising": "totem",
        "amenity": "fuel",
        "brand": "Indian Oil",
        "name": "Indian Oil"
      },
      "geometry": {
        "type": "Point",
        "coordinates": [
          77.1404461,
          28.7192742
        ]
      },
      "id": "node/12722875210"
    },
    {
      "type": "Feature",
      "properties": {
        "@id": "node/12811975823",
        "amenity": "charging_station",
        "brand": "Okaya"
      },
      "geometry": {
        "type": "Point",
        "coordinates": [
          77.2427016,
          28.5679245
        ]
      },
      "id": "node/12811975823"
    },
    {
      "type": "Feature",
      "properties": {
        "@id": "node/12823839873",
        "amenity": "charging_station"
      },
      "geometry": {
        "type": "Point",
        "coordinates": [
          77.3056013,
          28.6251684
        ]
      },
      "id": "node/12823839873"
    },
    {
      "type": "Feature",
      "properties": {
        "@id": "node/12894372007",
        "amenity": "charging_station"
      },
      "geometry": {
        "type": "Point",
        "coordinates": [
          77.2449181,
          28.6112384
        ]
      },
      "id": "node/12894372007"
    },
    {
      "type": "Feature",
      "properties": {
        "@id": "node/12901933482",
        "amenity": "charging_station"
      },
      "geometry": {
        "type": "Point",
        "coordinates": [
          77.226213,
          28.5875463
        ]
      },
      "id": "node/12901933482"
    },
    {
      "type": "Feature",
      "properties": {
        "@id": "node/12901933483",
        "amenity": "charging_station"
      },
      "geometry": {
        "type": "Point",
        "coordinates": [
          77.226218,
          28.58752
        ]
      },
      "id": "node/12901933483"
    },
    {
      "type": "Feature",
      "properties": {
        "@id": "node/12903526837",
        "amenity": "charging_station",
        "brand": "Yuma",
        "charging_station:battery_swapping": "yes"
      },
      "geometry": {
        "type": "Point",
        "coordinates": [
          77.2390952,
          28.5810704
        ]
      },
      "id": "node/12903526837"
    },
    {
      "type": "Feature",
      "properties": {
        "@id": "node/12972970667",
        "amenity": "charging_station"
      },
      "geometry": {
        "type": "Point",
        "coordinates": [
          77.1883978,
          28.5793023
        ]
      },
      "id": "node/12972970667"
    },
    {
      "type": "Feature",
      "properties": {
        "@id": "node/12973875562",
        "access": "no",
        "amenity": "charging_station"
      },
      "geometry": {
        "type": "Point",
        "coordinates": [
          77.0813217,
          28.5613597
        ]
      },
      "id": "node/12973875562"
    },
    {
      "type": "Feature",
      "properties": {
        "@id": "node/13042665254",
        "amenity": "fuel",
        "brand": "Hindustan Petroleum",
        "brand:wikidata": "Q1619375",
        "check_date": "2025-08-02",
        "name": "HP",
        "official_name": "Hindustan Petroleum"
      },
      "geometry": {
        "type": "Point",
        "coordinates": [
          77.1736109,
          28.7125083
        ]
      },
      "id": "node/13042665254"
    },
    {
      "type": "Feature",
      "properties": {
        "@id": "node/13061199765",
        "amenity": "fuel",
        "brand": "IGL",
        "name": "IGL"
      },
      "geometry": {
        "type": "Point",
        "coordinates": [
          77.2897981,
          28.5378783
        ]
      },
      "id": "node/13061199765"
    },
    {
      "type": "Feature",
      "properties": {
        "@id": "node/13072239983",
        "amenity": "fuel",
        "brand": "IGL",
        "brand:wikidata": "Q125553945",
        "fuel:cng": "yes",
        "name": "IGL",
        "operator": "IGL"
      },
      "geometry": {
        "type": "Point",
        "coordinates": [
          77.3123994,
          28.6297886
        ]
      },
      "id": "node/13072239983"
    },
    {
      "type": "Feature",
      "properties": {
        "@id": "node/13110034737",
        "amenity": "charging_station",
        "bicycle": "yes",
        "brand": "BAAZ",
        "check_date": "2025-08-31",
        "fee": "yes"
      },
      "geometry": {
        "type": "Point",
        "coordinates": [
          77.205345,
          28.6856903
        ]
      },
      "id": "node/13110034737"
    },
    {
      "type": "Feature",
      "properties": {
        "@id": "node/13110034738",
        "amenity": "charging_station",
        "bicycle": "yes",
        "brand": "Charj Karo",
        "check_date": "2025-08-31",
        "fee": "yes"
      },
      "geometry": {
        "type": "Point",
        "coordinates": [
          77.2053595,
          28.6857175
        ]
      },
      "id": "node/13110034738"
    },
    {
      "type": "Feature",
      "properties": {
        "@id": "node/13146442618",
        "amenity": "fuel",
        "brand": "IGL",
        "brand:wikidata": "Q125553945",
        "check_date": "2025-09-16",
        "name": "IGL"
      },
      "geometry": {
        "type": "Point",
        "coordinates": [
          77.0653889,
          28.7745543
        ]
      },
      "id": "node/13146442618"
    },
    {
      "type": "Feature",
      "properties": {
        "@id": "node/13146465017",
        "addr:floor": "G",
        "amenity": "fuel",
        "brand": "IGL",
        "brand:wikidata": "Q125553945",
        "check_date": "2025-09-16",
        "level": "0",
        "name": "IGL"
      },
      "geometry": {
        "type": "Point",
        "coordinates": [
          77.1288396,
          28.837251
        ]
      },
      "id": "node/13146465017"
    },
    {
      "type": "Feature",
      "properties": {
        "@id": "node/13176770701",
        "addr:postcode": "110085",
        "amenity": "fuel",
        "name": "Indian Oil",
        "self_service": "no"
      },
      "geometry": {
        "type": "Point",
        "coordinates": [
          77.1099814,
          28.7116536
        ]
      },
      "id": "node/13176770701"
    },
    {
      "type": "Feature",
      "properties": {
        "@id": "node/13204264434",
        "amenity": "fuel",
        "brand": "IGL",
        "brand:wikidata": "Q125553945",
        "check_date": "2025-09-16",
        "name": "IGL"
      },
      "geometry": {
        "type": "Point",
        "coordinates": [
          77.1261318,
          28.8463478
        ]
      },
      "id": "node/13204264434"
    },
    {
      "type": "Feature",
      "properties": {
        "@id": "node/13243279486",
        "amenity": "charging_station",
        "capacity": "2",
        "level": "0",
        "motorcar": "yes"
      },
      "geometry": {
        "type": "Point",
        "coordinates": [
          77.0956185,
          28.4600091
        ]
      },
      "id": "node/13243279486"
    },
    {
      "type": "Feature",
      "properties": {
        "@id": "node/13245932038",
        "amenity": "charging_station",
        "capacity": "4"
      },
      "geometry": {
        "type": "Point",
        "coordinates": [
          77.0912527,
          28.4951713
        ]
      },
      "id": "node/13245932038"
    },
    {
      "type": "Feature",
      "properties": {
        "@id": "node/13246707689",
        "amenity": "charging_station",
        "brand": "Mercedes-Benz",
        "brand:wikidata": "Q36008",
        "capacity": "4",
        "operator": "Mercedes-Benz",
        "operator:wikidata": "Q36008"
      },
      "geometry": {
        "type": "Point",
        "coordinates": [
          77.0956771,
          28.4601725
        ]
      },
      "id": "node/13246707689"
    },
    {
      "type": "Feature",
      "properties": {
        "@id": "node/13266921258",
        "amenity": "fuel",
        "brand": "Indian Oil",
        "name": "Indian Oil"
      },
      "geometry": {
        "type": "Point",
        "coordinates": [
          77.0921088,
          28.7013586
        ]
      },
      "id": "node/13266921258"
    },
    {
      "type": "Feature",
      "properties": {
        "@id": "node/13294609048",
        "amenity": "charging_station",
        "description": "CCS & CHA 25kW"
      },
      "geometry": {
        "type": "Point",
        "coordinates": [
          77.2413624,
          28.587169
        ]
      },
      "id": "node/13294609048"
    },
    {
      "type": "Feature",
      "properties": {
        "@id": "node/13300936973",
        "amenity": "charging_station",
        "capacity": "2"
      },
      "geometry": {
        "type": "Point",
        "coordinates": [
          77.0880137,
          28.4952305
        ]
      },
      "id": "node/13300936973"
    },
    {
      "type": "Feature",
      "properties": {
        "@id": "node/13351067902",
        "amenity": "charging_station"
      },
      "geometry": {
        "type": "Point",
        "coordinates": [
          77.2871601,
          28.6185254
        ]
      },
      "id": "node/13351067902"
    },
    {
      "type": "Feature",
      "properties": {
        "@id": "node/13351079505",
        "amenity": "fuel",
        "name": "Indian Oil"
      },
      "geometry": {
        "type": "Point",
        "coordinates": [
          77.3044605,
          28.6248361
        ]
      },
      "id": "node/13351079505"
    },
    {
      "type": "Feature",
      "properties": {
        "@id": "node/13447628569",
        "amenity": "fuel",
        "brand": "Indian Oil",
        "fuel:diesel": "yes",
        "fuel:petrol": "yes",
        "name": "Indian Oil"
      },
      "geometry": {
        "type": "Point",
        "coordinates": [
          77.2242469,
          28.632939
        ]
      },
      "id": "node/13447628569"
    },
    {
      "type": "Feature",
      "properties": {
        "@id": "node/13455403501",
        "amenity": "fuel",
        "brand": "Hindustan Petroleum",
        "name": "Hindustan Petroleum"
      },
      "geometry": {
        "type": "Point",
        "coordinates": [
          77.1105701,
          28.6229548
        ]
      },
      "id": "node/13455403501"
    },
    {
      "type": "Feature",
      "properties": {
        "@id": "node/13455403530",
        "amenity": "fuel",
        "brand": "Indian Oil",
        "name": "Indian Oil"
      },
      "geometry": {
        "type": "Point",
        "coordinates": [
          77.1105691,
          28.6225981
        ]
      },
      "id": "node/13455403530"
    },
    {
      "type": "Feature",
      "properties": {
        "@id": "node/13472762131",
        "amenity": "fuel",
        "brand": "Indian Oil",
        "name": "Indian Oil"
      },
      "geometry": {
        "type": "Point",
        "coordinates": [
          77.1542943,
          28.6822827
        ]
      },
      "id": "node/13472762131"
    },
    {
      "type": "Feature",
      "properties": {
        "@id": "node/13511442835",
        "amenity": "fuel",
        "brand": "Indian Oil",
        "name": "Indian Oil"
      },
      "geometry": {
        "type": "Point",
        "coordinates": [
          77.1138165,
          28.6197695
        ]
      },
      "id": "node/13511442835"
    },
    {
      "type": "Feature",
      "properties": {
        "@id": "node/13542135043",
        "amenity": "fuel",
        "brand": "Indraprastha gas"
      },
      "geometry": {
        "type": "Point",
        "coordinates": [
          77.1972612,
          28.5699766
        ]
      },
      "id": "node/13542135043"
    },
    {
      "type": "Feature",
      "properties": {
        "@id": "node/13594826095",
        "amenity": "fuel",
        "brand": "IGL",
        "name": "IGL"
      },
      "geometry": {
        "type": "Point",
        "coordinates": [
          77.0974755,
          28.690212
        ]
      },
      "id": "node/13594826095"
    },
    {
      "type": "Feature",
      "properties": {
        "@id": "node/13594846137",
        "amenity": "fuel",
        "brand": "Indian Oil",
        "name": "Indian Oil"
      },
      "geometry": {
        "type": "Point",
        "coordinates": [
          77.0905481,
          28.6560234
        ]
      },
      "id": "node/13594846137"
    },
    {
      "type": "Feature",
      "properties": {
        "@id": "node/13594852322",
        "amenity": "fuel",
        "brand": "IGL",
        "name": "IGL"
      },
      "geometry": {
        "type": "Point",
        "coordinates": [
          77.0887668,
          28.6536528
        ]
      },
      "id": "node/13594852322"
    },
    {
      "type": "Feature",
      "properties": {
        "@id": "node/13624573647",
        "amenity": "charging_station",
        "authentication:nfc": "yes",
        "brand": "EESL",
        "capacity": "1",
        "fee": "yes",
        "level": "0",
        "motorcar": "yes",
        "socket:chademo": "1",
        "socket:chademo:output": "60",
        "socket:type2": "1",
        "socket:type2:output": "22",
        "socket:type2_combo": "1",
        "socket:type2_combo:output": "60"
      },
      "geometry": {
        "type": "Point",
        "coordinates": [
          77.2326653,
          28.5564985
        ]
      },
      "id": "node/13624573647"
    },
    {
      "type": "Feature",
      "properties": {
        "@id": "node/13624573656",
        "amenity": "charging_station",
        "authentication:nfc": "yes",
        "brand": "EESL",
        "capacity": "1",
        "fee": "yes",
        "level": "0",
        "motorcar": "yes",
        "socket:chademo": "1",
        "socket:chademo:output": "60",
        "socket:type2": "1",
        "socket:type2:output": "22",
        "socket:type2_combo": "1",
        "socket:type2_combo:output": "60"
      },
      "geometry": {
        "type": "Point",
        "coordinates": [
          77.2326631,
          28.5564627
        ]
      },
      "id": "node/13624573656"
    },
    {
      "type": "Feature",
      "properties": {
        "@id": "node/13632992904",
        "amenity": "charging_station",
        "brand": "Honda e:swap",
        "charging_station:battery_swapping": "yes",
        "level": "0"
      },
      "geometry": {
        "type": "Point",
        "coordinates": [
          77.2332995,
          28.6253953
        ]
      },
      "id": "node/13632992904"
    },
    {
      "type": "Feature",
      "properties": {
        "@id": "node/13632992905",
        "amenity": "charging_station",
        "brand": "Yuma",
        "charging_station:battery_swapping": "yes",
        "level": "0"
      },
      "geometry": {
        "type": "Point",
        "coordinates": [
          77.2331692,
          28.625397
        ]
      },
      "id": "node/13632992905"
    },
    {
      "type": "Feature",
      "properties": {
        "@id": "node/13633628620",
        "amenity": "charging_station"
      },
      "geometry": {
        "type": "Point",
        "coordinates": [
          77.2092258,
          28.6914671
        ]
      },
      "id": "node/13633628620"
    },
    {
      "type": "Feature",
      "properties": {
        "@id": "node/13666127972",
        "amenity": "fuel",
        "brand": "Indian Oil",
        "brand:wikidata": "Q1289348",
        "fuel:diesel": "yes",
        "fuel:octane_95": "yes",
        "name": "Indian Oil",
        "self_service": "no"
      },
      "geometry": {
        "type": "Point",
        "coordinates": [
          77.440891,
          28.6077586
        ]
      },
      "id": "node/13666127972"
    },
    {
      "type": "Feature",
      "properties": {
        "@id": "node/13688377301",
        "access": "yes",
        "amenity": "charging_station",
        "brand": "Tesla Supercharger",
        "brand:en": "Tesla Supercharger",
        "brand:website": "https://www.tesla.com/supercharger",
        "brand:wikidata": "Q17089620",
        "fee": "yes",
        "frequency": "0",
        "motorcar": "designated",
        "name": "Tesla Supercharger",
        "network:en": "Supercharger",
        "network:website": "https://www.tesla.com/supercharger",
        "network:wikidata": "Q17089620",
        "opening_hours": "24/7",
        "operator": "Tesla",
        "operator:en": "Tesla",
        "operator:wikidata": "Q478214",
        "ref:tesla": "456659",
        "website": "https://www.tesla.com/findus/location/supercharger/456659"
      },
      "geometry": {
        "type": "Point",
        "coordinates": [
          77.1218893,
          28.5515313
        ]
      },
      "id": "node/13688377301"
    },
    {
      "type": "Feature",
      "properties": {
        "@id": "node/13688377501",
        "access": "yes",
        "amenity": "charging_station",
        "brand": "Tesla Supercharger",
        "brand:en": "Tesla Supercharger",
        "brand:website": "https://www.tesla.com/supercharger",
        "brand:wikidata": "Q17089620",
        "capacity": "4",
        "fee": "yes",
        "frequency": "0",
        "motorcar": "designated",
        "name": "Tesla Supercharger",
        "network:en": "Supercharger",
        "network:website": "https://www.tesla.com/supercharger",
        "network:wikidata": "Q17089620",
        "opening_hours": "24/7",
        "operator": "Tesla",
        "operator:en": "Tesla",
        "operator:wikidata": "Q478214",
        "ref:tesla": "463574",
        "website": "https://www.tesla.com/findus/location/supercharger/463574"
      },
      "geometry": {
        "type": "Point",
        "coordinates": [
          77.0368971,
          28.42597
        ]
      },
      "id": "node/13688377501"
    },
    {
      "type": "Feature",
      "properties": {
        "@id": "node/13688398004",
        "access": "yes",
        "amenity": "charging_station",
        "brand:en": "Tesla Supercharger",
        "brand:website": "https://www.tesla.com/supercharger",
        "brand:wikidata": "Q17089620",
        "fee": "yes",
        "frequency": "0",
        "motorcar": "designated",
        "network:en": "Supercharger",
        "network:website": "https://www.tesla.com/supercharger",
        "network:wikidata": "Q17089620",
        "opening_hours": "24/7",
        "operator:en": "Tesla",
        "operator:wikidata": "Q478214",
        "ref:tesla": "456659",
        "website": "https://www.tesla.com/findus/location/supercharger/456659"
      },
      "geometry": {
        "type": "Point",
        "coordinates": [
          77.121598,
          28.5515415
        ]
      },
      "id": "node/13688398004"
    },
    {
      "type": "Feature",
      "properties": {
        "@id": "node/13688398203",
        "access": "yes",
        "amenity": "charging_station",
        "brand:en": "Tesla Supercharger",
        "brand:website": "https://www.tesla.com/supercharger",
        "brand:wikidata": "Q17089620",
        "fee": "yes",
        "frequency": "0",
        "motorcar": "designated",
        "network:en": "Supercharger",
        "network:website": "https://www.tesla.com/supercharger",
        "network:wikidata": "Q17089620",
        "opening_hours": "24/7",
        "operator:en": "Tesla",
        "operator:wikidata": "Q478214",
        "ref:tesla": "463574",
        "website": "https://www.tesla.com/findus/location/supercharger/463574"
      },
      "geometry": {
        "type": "Point",
        "coordinates": [
          77.0367783,
          28.4261625
        ]
      },
      "id": "node/13688398203"
    }
  ]
}